benchmark_index,task_id,dataset,dataset_revision,category,source_id,prompt_hash,scoring
1,BFCL-MULTIPLE-multiple_101,BFCL,f7cf735,multiple,multiple_101,e5e30a100423416cc8663cba70cbfdc7109c95e9f4e40b862e812dea75a1620c,bfcl_official
2,BFCL-MULTIPLE-multiple_11,BFCL,f7cf735,multiple,multiple_11,40e11d7412ebc9a5775951740e59f4e079a71ef505cbaf2136ae2c6656974faa,bfcl_official
3,BFCL-MULTIPLE-multiple_111,BFCL,f7cf735,multiple,multiple_111,340bedbddeff98a7096a6d63cf1ebc75b5897b57c9f38f531c70f96ae92e8aa8,bfcl_official
4,BFCL-MULTIPLE-multiple_114,BFCL,f7cf735,multiple,multiple_114,3e2e2111057e577c0fc949d3b76e264daa6de9e36d3cc90c06278d7686c3a914,bfcl_official
5,BFCL-MULTIPLE-multiple_161,BFCL,f7cf735,multiple,multiple_161,63949e1d6705e9d48f8116a6918af046cc25a14fd6fdec24f9a1f7d9dfab06a0,bfcl_official
6,BFCL-MULTIPLE-multiple_164,BFCL,f7cf735,multiple,multiple_164,a6795a37137da343cf21cc8e6c36636e5351d2e87a3203212bd287d4ca3ff081,bfcl_official
7,BFCL-MULTIPLE-multiple_181,BFCL,f7cf735,multiple,multiple_181,567eecee15ddf1d61635cd2eccafd279610e8383bb66493502e0fd7b95e9b367,bfcl_official
8,BFCL-MULTIPLE-multiple_182,BFCL,f7cf735,multiple,multiple_182,e67f5a5f0c9166739a71c383952931c758230d3f4203029295c53cede32a3080,bfcl_official
9,BFCL-MULTIPLE-multiple_43,BFCL,f7cf735,multiple,multiple_43,88b7362ac068cec1d82fa7e792f911d242b4077715bbc755bfcf5443295c7e29,bfcl_official
10,BFCL-MULTIPLE-multiple_45,BFCL,f7cf735,multiple,multiple_45,bdb974b21a04039a7a415fdb2c2bc12886f0d76527da25d4f8f6e7d839ebf872,bfcl_official
11,BFCL-PARALLEL-parallel_128,BFCL,f7cf735,parallel,parallel_128,329a9fa564a093f43b8b1daa6aa9fb072d8000c700f77b739acec25c77049530,bfcl_official
12,BFCL-PARALLEL-parallel_139,BFCL,f7cf735,parallel,parallel_139,38dc62d18c3bac20c83fecdfb0d9303b8c69d804d05cac8552a0e3e8f3d223d8,bfcl_official
13,BFCL-PARALLEL-parallel_168,BFCL,f7cf735,parallel,parallel_168,dc877ce686faeb962792f69548bae43c4fa66bbf692f6311ba1657f62f87e9cd,bfcl_official
14,BFCL-PARALLEL-parallel_173,BFCL,f7cf735,parallel,parallel_173,b337f8584f5209cca137b6ffd676bcdaa363158aaf7cc9b962cb4aef22b5bccf,bfcl_official
15,BFCL-PARALLEL-parallel_192,BFCL,f7cf735,parallel,parallel_192,cbb3d0b6e6f16e10b4d9eebf217e847d676f94faf9db31fff310f1650cdfc27c,bfcl_official
16,BFCL-PARALLEL-parallel_27,BFCL,f7cf735,parallel,parallel_27,10b4edb4414e8c1772c6ceacd1685c0572cac5fba5433c8c197da7e0648c81a1,bfcl_official
17,BFCL-PARALLEL-parallel_44,BFCL,f7cf735,parallel,parallel_44,d340a6704a1f1a2d554e30353d39d2d94d829ed8a9b0c63075b76ec557c3263c,bfcl_official
18,BFCL-PARALLEL-parallel_55,BFCL,f7cf735,parallel,parallel_55,7569e0ebd55234c20da2715e1a059a3ad61b21151c142f6767fe3f91fe9790a7,bfcl_official
19,BFCL-PARALLEL-parallel_73,BFCL,f7cf735,parallel,parallel_73,5043d91460e075fbd9b3dbfadd1b8a83ca1c004e02e3d60d4cc508a8f44eb66e,bfcl_official
20,BFCL-PARALLEL-parallel_9,BFCL,f7cf735,parallel,parallel_9,cabb3e8ca2e9e2f9a7c887ca72130e6010fdaf6bcb01871d9b4dfcbaaf0d1788,bfcl_official
21,BFCL-PARALLEL_MULTIPLE-parallel_multiple_137,BFCL,f7cf735,parallel_multiple,parallel_multiple_137,22626e0e30518ca8c6dc85349e5efac7cc454ec8abca61587985d0cb28201015,bfcl_official
22,BFCL-PARALLEL_MULTIPLE-parallel_multiple_158,BFCL,f7cf735,parallel_multiple,parallel_multiple_158,ee7dd30e44add1333443806c380c33942dca3e471d7f44267cb6dbd160a16a90,bfcl_official
23,BFCL-PARALLEL_MULTIPLE-parallel_multiple_163,BFCL,f7cf735,parallel_multiple,parallel_multiple_163,a845a20e2e58b54aea9fb861810b05f18cafbb05f867c3627b9ef9893df69e8d,bfcl_official
24,BFCL-PARALLEL_MULTIPLE-parallel_multiple_165,BFCL,f7cf735,parallel_multiple,parallel_multiple_165,6055a859b265ac1f4e9c726fb86127c7b9dedded4c55b257092f0d4253e36b5e,bfcl_official
25,BFCL-PARALLEL_MULTIPLE-parallel_multiple_193,BFCL,f7cf735,parallel_multiple,parallel_multiple_193,cba324142f5fec68f94ab147ef86b07a96f980763cddd322ca1ac85bdedfeb97,bfcl_official
26,BFCL-PARALLEL_MULTIPLE-parallel_multiple_32,BFCL,f7cf735,parallel_multiple,parallel_multiple_32,16549e909d9e2ffd6f3850b188ec35881b186edc58dbe86492be952783925e88,bfcl_official
27,BFCL-PARALLEL_MULTIPLE-parallel_multiple_67,BFCL,f7cf735,parallel_multiple,parallel_multiple_67,1a25ff7b126bb4bb810973ffbf7e2ef6401056c69799f294edfb27a521016bf7,bfcl_official
28,BFCL-PARALLEL_MULTIPLE-parallel_multiple_74,BFCL,f7cf735,parallel_multiple,parallel_multiple_74,df074a070af4bbc5d34bed39e03524e9560a94ad9a94e454fc71c878c6046d86,bfcl_official
29,BFCL-PARALLEL_MULTIPLE-parallel_multiple_9,BFCL,f7cf735,parallel_multiple,parallel_multiple_9,a13a55051b4520770d51dc39349a8e72b48bdb61182f63a85253ff02faf9825c,bfcl_official
30,BFCL-PARALLEL_MULTIPLE-parallel_multiple_90,BFCL,f7cf735,parallel_multiple,parallel_multiple_90,d0b8a9e78e24e512d99075dd0893634bfca12ac5315f8b9168ab3f97320dcfab,bfcl_official
31,BFCL-SIMPLE_PYTHON-simple_python_110,BFCL,f7cf735,simple_python,simple_python_110,ebc096af15cda8d692581ff438c4ee2c8348f94ac58c5c14b5f18e3451407856,bfcl_official
32,BFCL-SIMPLE_PYTHON-simple_python_123,BFCL,f7cf735,simple_python,simple_python_123,be4ca7433c0347f116c313c7969b897a4b12cc647982b5408efa4160c852c5a1,bfcl_official
33,BFCL-SIMPLE_PYTHON-simple_python_13,BFCL,f7cf735,simple_python,simple_python_13,d63160c09180573e1f84c71d663107f2dc6c03ec80538b976d74eec7fdb7e811,bfcl_official
34,BFCL-SIMPLE_PYTHON-simple_python_142,BFCL,f7cf735,simple_python,simple_python_142,4b537235d3e7649e2bccc8aa1a213d2844dd614d9e028a1170146d0744941b90,bfcl_official
35,BFCL-SIMPLE_PYTHON-simple_python_157,BFCL,f7cf735,simple_python,simple_python_157,aa6ec1dac02d1f34b41c0b5502cea82c6386e57754b9531b6b6eb3b8b12c3f21,bfcl_official
36,BFCL-SIMPLE_PYTHON-simple_python_181,BFCL,f7cf735,simple_python,simple_python_181,9c3895eb2353fea26d72c06e088155eff53279539282fbf3156e44c1a0acfc31,bfcl_official
37,BFCL-SIMPLE_PYTHON-simple_python_194,BFCL,f7cf735,simple_python,simple_python_194,f13c18f8c444af88efe08d6bcd710e7674640899e3d080ea87459fdba0899527,bfcl_official
38,BFCL-SIMPLE_PYTHON-simple_python_196,BFCL,f7cf735,simple_python,simple_python_196,da5f3135acb1a1a1bd398a87e50b3f3aefd0392647b2fc46ee7200f9368b489a,bfcl_official
39,BFCL-SIMPLE_PYTHON-simple_python_253,BFCL,f7cf735,simple_python,simple_python_253,f84b07c21a0d50d3d48f2394854e25a0eaf6c88c6adbefd924bb8683aba81eab,bfcl_official
40,BFCL-SIMPLE_PYTHON-simple_python_296,BFCL,f7cf735,simple_python,simple_python_296,fa78a56596c99f2d3dd9936e0f9cbb1b63084f26959d6f5b305e11252a45c9be,bfcl_official
41,BFCL-SIMPLE_PYTHON-simple_python_306,BFCL,f7cf735,simple_python,simple_python_306,c5326ff57fac2af57cb947b9b27bbe68d13b5bf85c2b72071dd9e5b543bc48db,bfcl_official
42,BFCL-SIMPLE_PYTHON-simple_python_307,BFCL,f7cf735,simple_python,simple_python_307,36837760a0da1960708e011933800371d80e34ef97713378322b8646eb8eae3a,bfcl_official
43,BFCL-SIMPLE_PYTHON-simple_python_313,BFCL,f7cf735,simple_python,simple_python_313,5752de9072dfa2b550e2b235632f4ddcd172e04d2d2b7cc296e6b87a4ed8098e,bfcl_official
44,BFCL-SIMPLE_PYTHON-simple_python_350,BFCL,f7cf735,simple_python,simple_python_350,e98f79cc23866ade0e1025680b5776b580d676f87fa956f50c12b0cd942ec833,bfcl_official
45,BFCL-SIMPLE_PYTHON-simple_python_353,BFCL,f7cf735,simple_python,simple_python_353,4396e27a77e8e25234158f4c6c6755a16beeadd2af04df4212580fd90ca61f01,bfcl_official
46,BFCL-SIMPLE_PYTHON-simple_python_379,BFCL,f7cf735,simple_python,simple_python_379,40e57e2a32a212b4729886aee4cacf1b4b456db43fd2d626dcce50bc998749c4,bfcl_official
47,BFCL-SIMPLE_PYTHON-simple_python_44,BFCL,f7cf735,simple_python,simple_python_44,71c6ca5da9974dd3d86ad13f2d8010cc2ebc94bd3b6fcdd56e72c63ba187f231,bfcl_official
48,BFCL-SIMPLE_PYTHON-simple_python_46,BFCL,f7cf735,simple_python,simple_python_46,b7e07b7346790604d1d27c09d4acbacaa7a66b66d71ec4c0dd5d59b410aa0459,bfcl_official
49,BFCL-SIMPLE_PYTHON-simple_python_51,BFCL,f7cf735,simple_python,simple_python_51,2c54d21c48b32dbcc1492d29073b6841299778e67389e047d885a34900a935c3,bfcl_official
50,BFCL-SIMPLE_PYTHON-simple_python_97,BFCL,f7cf735,simple_python,simple_python_97,86fa269d9499b9ea099c8bb2d7ebb3b330287ea236b65e801b8d761e32caf4f3,bfcl_official
51,FRES-01,FRES,v1,ambiguous_model_selection,FRES-01,46e7a4f5897af3d64687eb82f8697a984d9e291d9f44cf2f58c271f8523b8c08,fres_rubric
52,FRES-02,FRES,v1,ambiguous_model_selection,FRES-02,61cf3e6863742a5afe50a46c6d4d9b79621c5a660ec1dfd913a2dd1dbbee1c8a,fres_rubric
53,FRES-03,FRES,v1,ambiguous_model_selection,FRES-03,8b6170b1cba1ddb9ef9c9ca4a65fbd55a72264b4624e9fafbde15eedb0eb1890,fres_rubric
54,FRES-04,FRES,v1,ambiguous_model_selection,FRES-04,4ce06566e597a358163d7a3a9f189e895fe3a5183c7ad001bb6c159c5d52b6f5,fres_rubric
55,FRES-05,FRES,v1,ambiguous_model_selection,FRES-05,90bbb4eeae9a53e748dd4b7b2fc6f85a7ccbdcacd757d5c0d51300a41569488f,fres_rubric
56,FRES-06,FRES,v1,complexity_scaling,FRES-06,3a0903c3e9a5f724c4d78bf55bffb316688e9d98e0682ab541fedd37d4b80750,fres_rubric
57,FRES-07,FRES,v1,complexity_scaling,FRES-07,2eb36a8f133d0cd94a380b363a145f94d646af1777a51fd20c85f87f21e07651,fres_rubric
58,FRES-08,FRES,v1,complexity_scaling,FRES-08,d1d492f7e4e4d0e8cc0926ca74fa8f75ef86b82a17621d9bebb635cf9c0f5a81,fres_rubric
59,FRES-09,FRES,v1,complexity_scaling,FRES-09,f4f3847df2cba3096e982350accf12e4b1608d86735e9167b3a08e08487f915c,fres_rubric
60,FRES-10,FRES,v1,complexity_scaling,FRES-10,e7031c74f3ac7a1f3d8e7f746035b0387beb561b8e38ec35580e4baa3c623c96,fres_rubric
61,FRES-11,FRES,v1,complexity_scaling,FRES-11,c12cb517982a7509033a3b9e7d52cb56c24f6575fbbdc5a4f4765cb0ebb8dadd,fres_rubric
62,FRES-12,FRES,v1,complexity_scaling,FRES-12,740be0b9a9780712f12e1f2e1a40e7f0c1523bab533e8d8f99f14466ffab209f,fres_rubric
63,FRES-13,FRES,v1,complexity_scaling,FRES-13,335d19ef07e3af30c83a4c75242f26ea8edb415b8f255b16c76ef705bdcd9a82,fres_rubric
64,FRES-14,FRES,v1,complexity_scaling,FRES-14,c3d7c1d22bab1c23e370f86700eab9d00e6beabb30c7936810f5a631fed72c04,fres_rubric
65,FRES-15,FRES,v1,complexity_scaling,FRES-15,ebd81be49cc7d05c5c9e7268abb3abf17256604afea25937dd354583edd8d583,fres_rubric
66,FRES-16,FRES,v1,complexity_scaling,FRES-16,d620c594c4af1cc267fbc8bbd660ffec3497626d240c4426ab06218acb8b24e0,fres_rubric
67,FRES-17,FRES,v1,complexity_scaling,FRES-17,f94edd47ee64cbace4069c1834a52182c9e15925617ded8c8925edeb330246e7,fres_rubric
68,FRES-18,FRES,v1,complexity_scaling,FRES-18,906897a7a681606ab55557e2772c9bb684ee233b9469e001cf219871298cb596,fres_rubric
69,FRES-19,FRES,v1,complexity_scaling,FRES-19,c031860e11cb433976ab8ece05fb8f45c86e20b202cb6ac3e308237e7a06fcde,fres_rubric
70,FRES-20,FRES,v1,complexity_scaling,FRES-20,f0f9c6daf3a5c0ce90d420a763bb0965e4c4a2f7fa7c4aa0daace26b68510e95,fres_rubric
71,FRES-21,FRES,v1,cost_sensitive,FRES-21,705f1591ada3bec031090bb07712a2e7280c844b3992d44b3b10206cc12a8fb5,fres_rubric
72,FRES-22,FRES,v1,cost_sensitive,FRES-22,e021131321d92c2f7e0ab54cff0bd151666d02dd5dc420af91137805bcf320ec,fres_rubric
73,FRES-23,FRES,v1,cost_sensitive,FRES-23,b5c816f3b88e17726710744dc6e4219c7f477a693afea5c923707cf2726ffdb7,fres_rubric
74,FRES-24,FRES,v1,cost_sensitive,FRES-24,9f944e91eb6f05ab5b85a20f9748480441554804fdf75a04344fa9b32209ed0e,fres_rubric
75,FRES-25,FRES,v1,cost_sensitive,FRES-25,d8ab5d069b20335bb2d9c3c1117a76c4a38a13af05a1f036221eeb232b91fc7a,fres_rubric
76,FRES-26,FRES,v1,cost_sensitive,FRES-26,37b6d435bbc0750448c222089f57117a0d84a36952959ebf0870c23d0266c902,fres_rubric
77,FRES-27,FRES,v1,cost_sensitive,FRES-27,3c989eb0eaa7023c74c897823b333dbf49418eebdda3e3b0cc332bfb15bf0732,fres_rubric
78,FRES-28,FRES,v1,cost_sensitive,FRES-28,4c24b7ce3035cac1b1a9b476a09a44f1570c706d61d2857910b3486d70a0b265,fres_rubric
79,FRES-29,FRES,v1,cost_sensitive,FRES-29,578dd33d0ad13db2df3758e3b1dc33bf380d41a831653b30afe50411bd860ba2,fres_rubric
80,FRES-30,FRES,v1,cost_sensitive,FRES-30,e2abbccb13f6470231e0aa005a272b6765f82bfb53bf89f7d9dc76da34b6a145,fres_rubric
81,FRES-31,FRES,v1,latency_sensitive,FRES-31,930cb77fbf28b8883effa8984bbd1e8d76cdbf8907ea73a03ac56cbe2028e22e,fres_rubric
82,FRES-32,FRES,v1,latency_sensitive,FRES-32,a23ef6f461d5fc02e99d5df8d6179153859352b64ad44f5bae6dea54542a324a,fres_rubric
83,FRES-33,FRES,v1,latency_sensitive,FRES-33,60e44f6e67fbba47b20918ef2f4359cec22bbe36e083b8354d5f595d3cf71a0e,fres_rubric
84,FRES-34,FRES,v1,latency_sensitive,FRES-34,b8728514ef0798a045f9e6a3cac177dd7cec93c79d54f25761ac6c0c04ce0bcf,fres_rubric
85,FRES-35,FRES,v1,latency_sensitive,FRES-35,538fc96064d27dfd98abcb4a13faf6b4b75c97d183ea4448a16aed7bf8f2e85b,fres_rubric
86,FRES-36,FRES,v1,latency_sensitive,FRES-36,466d1771ce7eadcc377eed9d220da942dd74c813105fe4b95f0f50cbfec9ef66,fres_rubric
87,FRES-37,FRES,v1,latency_sensitive,FRES-37,f4f2706bfe06fc82cb19fab0dfb173a3f5fe585b6940e266ba48f9578017d81f,fres_rubric
88,FRES-38,FRES,v1,latency_sensitive,FRES-38,81cdc0ed9fe5550ea76eedfec43f53049d5fc59653e084cfe3272089cfd76c66,fres_rubric
89,FRES-39,FRES,v1,latency_sensitive,FRES-39,9c1e9f54744633ef42812437f921f8ccd2d780213141f9327028ff302c4a760f,fres_rubric
90,FRES-40,FRES,v1,latency_sensitive,FRES-40,5921b8278de4604858b20bf0a0334a14e0de5a1415cbd1f217d6b9f977daf64d,fres_rubric
91,FRES-41,FRES,v1,hybrid_capability,FRES-41,a60e33e135ca6881c551ac11c7abbc654134a758cc45c3ac7e8fd21fe2cfda23,fres_rubric
92,FRES-42,FRES,v1,hybrid_capability,FRES-42,f5fb5f7c5b5f4465865dfbd3fb0ff33035f9e21f51d3d74addec8b5023c2d4f9,fres_rubric
93,FRES-43,FRES,v1,hybrid_capability,FRES-43,dbf9069d0ad21d2f618a8664102a6c4546725f8724517731685e73452c2f7dd0,fres_rubric
94,FRES-44,FRES,v1,hybrid_capability,FRES-44,0876b953e0035bb1c976fe56b810be5547826178b8e210fc9732c5f2f0533001,fres_rubric
95,FRES-45,FRES,v1,hybrid_capability,FRES-45,64ee94d14aabb3a4150c84dd98d5f4eebf186f61121017f00b05d51093fc81b8,fres_rubric
96,FRES-46,FRES,v1,hybrid_capability,FRES-46,2e3f07a3e9171a33da3f2b0f3ac5f54be2b5b17dcf5da837ee5fa1c6b6288e71,fres_rubric
97,FRES-47,FRES,v1,hybrid_capability,FRES-47,0a85c7e64dc48a895bafa8717cb92624073661f3308d2d24926be26ed3f526da,fres_rubric
98,FRES-48,FRES,v1,hybrid_capability,FRES-48,be23981e780d0754ffe1098ccef7316a12fb2a23f9a59f2c4051aa618754608a,fres_rubric
99,FRES-49,FRES,v1,hybrid_capability,FRES-49,fd614e073f9f5df8d73e807c6a186f3e8324ed503137833ebf2a502f452b680b,fres_rubric
100,FRES-50,FRES,v1,hybrid_capability,FRES-50,c70a5d03eb161d5af20eeb2397268b22b071226f3dcc0ca4492fe7f0a731f732,fres_rubric
101,GPQA-D-001,GPQA-Diamond,83022cefff930aea54f654c0b282e74b9eeda5c6,Electromagnetism and Photonics,0dbcc69ff35530f240a5bb623a78f2cd1d042037d2dedb122ebcca751bf9d08e,31dc164445304e84793c68af8e1d8d5fea6e15d4c5ddc7f3ab33ae15871ebd12,exact_choice
102,GPQA-D-002,GPQA-Diamond,83022cefff930aea54f654c0b282e74b9eeda5c6,Organic Chemistry,1a5b0ea82d94ae95a599d56a2d0b66244be3676480a943c4c81f230af920fa3a,998a8f54fe02701301b4a250ff6b2f893fa938eb4b7c45eb9f4dfaa445890571,exact_choice
103,GPQA-D-003,GPQA-Diamond,83022cefff930aea54f654c0b282e74b9eeda5c6,Chemistry (general),618551bfaaf71599d5802135cbf18d8e9b5a33b38537d32515c5298d556df601,4bee8c4a8fb6b6359017ff5c79322ebb700f877282031cda3968496a395ef897,exact_choice
104,GPQA-D-004,GPQA-Diamond,83022cefff930aea54f654c0b282e74b9eeda5c6,Genetics,bdc1ab103002886dcbe879cd751d3e27b8ba6e988859bb80422ea04871269448,9adc6c087e923856149733b6e90c20b6bd2c08b95ab590118c034e0a1fbf06eb,exact_choice
105,GPQA-D-005,GPQA-Diamond,83022cefff930aea54f654c0b282e74b9eeda5c6,Quantum Mechanics,b114078343a4ce3eeaa845ee2c7bfa4ac7c9add00f507d8ff60e46cca593fb46,c5527ccca6463ae8e3736562702c1765f051ccd0ec2be497d1373250b4c64ac2,exact_choice
106,GPQA-D-006,GPQA-Diamond,83022cefff930aea54f654c0b282e74b9eeda5c6,Molecular Biology,89fa5b222a94e07a283a5140341a0704109ec3b7f62de72dd072383182771ebc,dde6a84ce2f9438d0cfa3ed86f443851d4be9bc72c47def65fef8f8fd0362931,exact_choice
107,GPQA-D-007,GPQA-Diamond,83022cefff930aea54f654c0b282e74b9eeda5c6,Organic Chemistry,14a2ed1ddcecc5a3752c954a0c07f0e2ae102378d648cc66bd57385516fbbe20,dde50ed4940e19d36339d3a19edb4fabc0d8ec8a7f9ef5b0d9f83c73f396d09f,exact_choice
108,GPQA-D-008,GPQA-Diamond,83022cefff930aea54f654c0b282e74b9eeda5c6,Astrophysics,9d46302b763896c7fa475d975b5bc365adee2236b273f23e7216a78871204b74,f3833b81c3377b27ce6e1cef76dac3464e651d9720fa0d906bad628faa4e9490,exact_choice
109,GPQA-D-009,GPQA-Diamond,83022cefff930aea54f654c0b282e74b9eeda5c6,Physics (general),848d31fe19c9a46d8cdd776d3fe06b6e67b662212a57b38c1d242cbdfdac8486,86c25a87b9f63eebb7dd35e14ce6bd23e8655b06f2a3dde1271c0f53ab486b64,exact_choice
110,GPQA-D-010,GPQA-Diamond,83022cefff930aea54f654c0b282e74b9eeda5c6,Quantum Mechanics,d81eab0b3deeedb23d68076a8f0de5ca6461b5d2d1a7da228f6a0b6ba6ca53e7,fd6886a5ae219726fe8af5212f051cd83141f54011235e1192270af28f56281f,exact_choice
111,GPQA-D-011,GPQA-Diamond,83022cefff930aea54f654c0b282e74b9eeda5c6,Chemistry (general),797be7099117e146adaaf5ad31bd914d9adbd510441211b0040aad2812fffc40,da1fae6b781a25715bbfc977a4ee80118e9914610616998a552027dc9ca39b0c,exact_choice
112,GPQA-D-012,GPQA-Diamond,83022cefff930aea54f654c0b282e74b9eeda5c6,High-energy particle physics,6e259d0f6ebd96b76541d668cb40800b9c2190ca31d17577f98f02fa9c557612,f6bccac8ce1c006ba40cec0cfda699d75e38c59545d5436c52daa4b0ccb94370,exact_choice
113,GPQA-D-013,GPQA-Diamond,83022cefff930aea54f654c0b282e74b9eeda5c6,Organic Chemistry,63318cb18413a705693b9a4312f73dbf5358312aafc1d703c3d29a6340ffa0d1,b79a5e7debd0003d5ab550aa12344b34417cb24b07a05b12ce081ef2ff82fbdc,exact_choice
114,GPQA-D-014,GPQA-Diamond,83022cefff930aea54f654c0b282e74b9eeda5c6,Organic Chemistry,9e7260c352d5970f26856e94943b008fa72ebf3264a0e2790592a41209cfac2d,ec1427705c116ca74b099ec55aff7949fec3c677af27e3867be23bbef2c00b40,exact_choice
115,GPQA-D-015,GPQA-Diamond,83022cefff930aea54f654c0b282e74b9eeda5c6,Organic Chemistry,f6518dd763c1af7a1745bc53b4e021210cafdf588df1ede9b537a622474a998d,b580ba2e76fafb22c31c85dc362d96ffc5e5021e4726252a099eb7700024fb97,exact_choice
116,GPQA-D-016,GPQA-Diamond,83022cefff930aea54f654c0b282e74b9eeda5c6,Organic Chemistry,a40790d78d4f5d39a5d3645a19b71fd4214c540a0267b37a6e2c4e94f79a4633,6db566460eb9d4ec9fab2d45d99bc28dc69b438ca44607fb8ad85bf10e22770e,exact_choice
117,GPQA-D-017,GPQA-Diamond,83022cefff930aea54f654c0b282e74b9eeda5c6,Molecular Biology,c003a37af0eaa5e9c6d10f5a25ce1a2e0258ad6638a1655ee2a17d07daab816a,c04f7daf2e329fff5398129feb80fe701e298c4619a355ce17f83d55c36bf3a7,exact_choice
118,GPQA-D-018,GPQA-Diamond,83022cefff930aea54f654c0b282e74b9eeda5c6,Quantum Mechanics,4c588d49e166a709e29a3391a047e1502a38c2a4169cea5b897c0d84f937aaba,deb1aa63a61edb024585865967833417ae651715f988ecd70e7965540a223ddf,exact_choice
119,GPQA-D-019,GPQA-Diamond,83022cefff930aea54f654c0b282e74b9eeda5c6,Organic Chemistry,a8be7a4963bfb6bc77e23f0f5a62f7f9912221c3f4b1fe5436355e1f06fe1e70,330b9214a54a2d3d993166ead81df0f6f2d228305b3ed86dfd378fb09412b7cf,exact_choice
120,GPQA-D-020,GPQA-Diamond,83022cefff930aea54f654c0b282e74b9eeda5c6,Molecular Biology,435ccdce7cc6c5543ffaf20b4d850d905357568605d01b3a595d44df3dd30d0d,16c2550ebd186daaa9ff68cd2e5418212cb2dcad9a5a6f47ec09e269617e5751,exact_choice
121,GPQA-D-021,GPQA-Diamond,83022cefff930aea54f654c0b282e74b9eeda5c6,Quantum Mechanics,97732ba422afbf18b5d2d6b3bd26f6c540049e2f82d9628414525cebe7e9a5dd,ae035956f9d187353a61bc4e5c74813fad436ed739620d75d348189018b50add,exact_choice
122,GPQA-D-022,GPQA-Diamond,83022cefff930aea54f654c0b282e74b9eeda5c6,Organic Chemistry,73f52d6a4b6c7ab7582233b0acb9fc88cea4bb8b59005043c15cc2064787436a,da64277407301e2ca4ec8ffae631d4e7ad0c42709ad09cb6956598acefc66379,exact_choice
123,GPQA-D-023,GPQA-Diamond,83022cefff930aea54f654c0b282e74b9eeda5c6,Relativistic Mechanics,e2c8b6a88dfedf13a4a35e2964dc77f2e082e87417c972bf7406bdb2405985f7,8d3b655012abd2d2f2413e019d204749d1b13b615e7ca8cda2530dee6a7fb0c9,exact_choice
124,GPQA-D-024,GPQA-Diamond,83022cefff930aea54f654c0b282e74b9eeda5c6,Organic Chemistry,188c5d2778452bf703bb24bf6ebb29def876d26ac59f6164922a6e1036066c64,46caa7d16b91ecb21c98fd25fdc9d73834066188f4c86ab09ec685ccc09a09a7,exact_choice
125,GPQA-D-025,GPQA-Diamond,83022cefff930aea54f654c0b282e74b9eeda5c6,Organic Chemistry,7fda2b6ca2ff9984ace9bf53f465cebb4b8d963f7ddcb5aa5f5015cd6989be42,111fe23009a26b40905fbec206538f905cd83746e3d5b52108a7911426126874,exact_choice
126,GPQA-D-026,GPQA-Diamond,83022cefff930aea54f654c0b282e74b9eeda5c6,Organic Chemistry,ea1d2c2fd4395ec2cad416b20c41a657730d84acd26fb53712bf10f6807a4e64,4d8e6441b34906de08f1cbc5e2661fc2b19b2418804305b586057c700c0d6a94,exact_choice
127,GPQA-D-027,GPQA-Diamond,83022cefff930aea54f654c0b282e74b9eeda5c6,Organic Chemistry,21b950759e4e088c97c70fcca487f4b3ceddd69dd2563433e332a0dde94eeddb,652d19483a07942fd97f8ba5847406d6eee1b24a94f661a4dff1c8f99e7927ad,exact_choice
128,GPQA-D-028,GPQA-Diamond,83022cefff930aea54f654c0b282e74b9eeda5c6,Astrophysics,7cccb7714b35c30190fb5db64a1b22a36b726b2a007f241961e1e48c82e4acb3,878da7ba00bf3e6d0facf47e46f104bc042c2a72cdd937edad993d547187f1f3,exact_choice
129,GPQA-D-029,GPQA-Diamond,83022cefff930aea54f654c0b282e74b9eeda5c6,Physics (general),7c427847fb1acab7f784c40193a51f13be68ffb38b4336c6bf3ebf112916fc29,24b32962e63ac665e7ff0a64439e71d42e78f28fcba38bd46c619a8cf625d209,exact_choice
130,GPQA-D-030,GPQA-Diamond,83022cefff930aea54f654c0b282e74b9eeda5c6,Organic Chemistry,11464d18e1d69860b9038360424e6b297ddaf9e7d1f79ea25401caae693421e6,f5f40a6fd85ec51cd45e1c0cf73d2af8689b5a0570608101aff3712faf94f7c9,exact_choice
131,GPQA-D-031,GPQA-Diamond,83022cefff930aea54f654c0b282e74b9eeda5c6,High-energy particle physics,60c9747de98dcd74354ee70ce1049c3c1d1b8d72f4e9848984af5d6ceb1a0c57,c7a5a8f2253db1f333ad4ac6a2f6a35a253e9e4824accbb540f476cc2edc63a6,exact_choice
132,GPQA-D-032,GPQA-Diamond,83022cefff930aea54f654c0b282e74b9eeda5c6,Astrophysics,85f5a80c90290184ac6ec65307174970563ac9442644e868f064c886836d7a25,e9e4e6dfcce1660173bcb3ce94247be128414db92c61589f54d5497d01d1bdc9,exact_choice
133,GPQA-D-033,GPQA-Diamond,83022cefff930aea54f654c0b282e74b9eeda5c6,Organic Chemistry,ec22f627211f722949e6d36efcb583b2f796830a38cf5cf5dcba4f727562d975,543a9f4525b33695bad9b054a39a99a4869ddb2108126007398f576be8785f6f,exact_choice
134,GPQA-D-034,GPQA-Diamond,83022cefff930aea54f654c0b282e74b9eeda5c6,Organic Chemistry,e17051d5c4ebf5f6bc793872dc2f5748b41dd7918235cb3d5697fb04882bd7fe,3e6a7bfa7c57650740079889f3e0ddfc8704e1b1e1fa4bf3e9510a22f77ce497,exact_choice
135,GPQA-D-035,GPQA-Diamond,83022cefff930aea54f654c0b282e74b9eeda5c6,Physics (general),d25187b99e4997c1700ffeb87fd595e878957e452f20a2f00d5489fecd0b3b30,c707ab1d2b5986825c855eb7d08c321993db672502942e35cd8fb008aa5b67ea,exact_choice
136,GPQA-D-036,GPQA-Diamond,83022cefff930aea54f654c0b282e74b9eeda5c6,Organic Chemistry,2662eff7a6231613f45042d2ef5df63caaeb5a326d264e93009a737a99fb27bb,e760f0a06686ee07cccdb1f2e4ee05ad9f28d6405b54f2c9c37138a36d52f451,exact_choice
137,GPQA-D-037,GPQA-Diamond,83022cefff930aea54f654c0b282e74b9eeda5c6,Organic Chemistry,29e6a1db070bf5e5af8af4b82da4953dd47dcd2a1bbd7ad2db04f3d1d4cd805e,60c1044f225349827146bef7b40731b09834f21889e4c1667c68d9350e91c221,exact_choice
138,GPQA-D-038,GPQA-Diamond,83022cefff930aea54f654c0b282e74b9eeda5c6,Quantum Mechanics,f56f3f5d135dc8d61dc42f902943e2459f79e4343f2fef6741f6f86d4133a99a,d1fff46d05bcf41c5eac8884caa6ae2fad8e65a75e95495d8342e6294cd8d2da,exact_choice
139,GPQA-D-039,GPQA-Diamond,83022cefff930aea54f654c0b282e74b9eeda5c6,Relativistic Mechanics,826fb502d2db0f2db5e44683cd45f09d18423fd8a339643c8dc8b32b1accd428,337f0be14550429840dbb85d7391fdb9f53070a9187f770d8264623b0ed22eee,exact_choice
140,GPQA-D-040,GPQA-Diamond,83022cefff930aea54f654c0b282e74b9eeda5c6,Molecular Biology,025e20e6e9b45e1ddb3f6901f58f69b40df5e8f9ffb6b80b5b17bc518d9f5d17,2c46c85f41b7ad2acb9510f5086d28a3d9a7040ab60a9dbce778ac00fe588403,exact_choice
141,GPQA-D-041,GPQA-Diamond,83022cefff930aea54f654c0b282e74b9eeda5c6,Quantum Mechanics,5028b464f9ac881885af02d0d7fda29d17165d3804f0f84dbc2e8f6dbd923739,d6dab205ce8b8edbb1d23ea3a67565eda8616272cfce0e3f59b4edf4a2989c38,exact_choice
142,GPQA-D-042,GPQA-Diamond,83022cefff930aea54f654c0b282e74b9eeda5c6,Physics (general),5fb04957154b48d4ebad83862909a8fd3afc5ba5399a7dbe4594b5c72255964c,dc78607680726b79e34c4b0937e8d42137704781ddf7c2caaabe437a2209436a,exact_choice
143,GPQA-D-043,GPQA-Diamond,83022cefff930aea54f654c0b282e74b9eeda5c6,High-energy particle physics,e9afb48881134b480ce09710124320be56d4166a402490b65f81bdb1df6e3a1d,3e222201b6c4232ac69bd328710e529033b43a64560fb3582f294d58274d42c4,exact_choice
144,GPQA-D-044,GPQA-Diamond,83022cefff930aea54f654c0b282e74b9eeda5c6,Chemistry (general),b560f550d5d9fb2378520f0fcf7b6573aec2027430ef06270491ace18a0497fc,8be0a878c521a09f3afe1cfb9e054c0c626f736291b1714afa8c6f0345781cad,exact_choice
145,GPQA-D-045,GPQA-Diamond,83022cefff930aea54f654c0b282e74b9eeda5c6,Organic Chemistry,e1448af5dcb7e4a7a5cf31dd231d4a2b2a3829ce3dabc5d7da48a195c1b39112,9dc7ebd31bae6c8bc931f778e689b4855fc68a3aba23e598c01ab9be1b48fe12,exact_choice
146,GPQA-D-046,GPQA-Diamond,83022cefff930aea54f654c0b282e74b9eeda5c6,Physics (general),e6fd9b7cea6cbcd53eabc57f63ae367008b2774a1092f55e23e78b7eafbdbafa,c5975dc0bac973f730948cf2a0f9880af081c870f8bbb1c316b7a38e2511203f,exact_choice
147,GPQA-D-047,GPQA-Diamond,83022cefff930aea54f654c0b282e74b9eeda5c6,High-energy particle physics,2e6a2497fe363c391182f486d26d21bdeabd6742f1d874f9659631dc74c526c0,96cfb17552a68f7b119afd15239ebbb005bedc5d19702b19afa50d547fd63063,exact_choice
148,GPQA-D-048,GPQA-Diamond,83022cefff930aea54f654c0b282e74b9eeda5c6,Electromagnetism and Photonics,3785b9c93cb0227248c10f82b33724d46e7b17aa2e83004cc84a1229c072f761,57f8268ec8c34384e9e033f27bf0c6ae428cb466adbe7298818e0c2247314f42,exact_choice
149,GPQA-D-049,GPQA-Diamond,83022cefff930aea54f654c0b282e74b9eeda5c6,Chemistry (general),d160134fd023bac8e7f94f4d4e70e01dc36d3ae74bb54ab778b03686e5b7b2c0,e711fa70643d5a7911017ec99d2ac5828cb74029d1f95c43899ca7181d046c68,exact_choice
150,GPQA-D-050,GPQA-Diamond,83022cefff930aea54f654c0b282e74b9eeda5c6,Chemistry (general),4c2f3e285e1e29c5e14deac22d104b78d89e94b7144913d978f619f60a5b287c,c894976df94a93781281c01f6b558e41ece700c8d68257c723fa6e3e5a11da54,exact_choice
151,GSM8K-001,GSM8K,740312add88f781978c0658806c59bc2815b9866,math_word_problem,c1f31e1afb573aad0df0388a03defc1da6508e00271faf7ea205ff886d807b67,c1f31e1afb573aad0df0388a03defc1da6508e00271faf7ea205ff886d807b67,gsm8k_numeric
152,GSM8K-002,GSM8K,740312add88f781978c0658806c59bc2815b9866,math_word_problem,9237e3582b5184bb8826773c262ded3ea58cdccceabce31e0ee888b6af20b014,9237e3582b5184bb8826773c262ded3ea58cdccceabce31e0ee888b6af20b014,gsm8k_numeric
153,GSM8K-003,GSM8K,740312add88f781978c0658806c59bc2815b9866,math_word_problem,58ec0a5922910f99687099ea3c69127578a6d153d419fb33ccc0b97dab9b347a,58ec0a5922910f99687099ea3c69127578a6d153d419fb33ccc0b97dab9b347a,gsm8k_numeric
154,GSM8K-004,GSM8K,740312add88f781978c0658806c59bc2815b9866,math_word_problem,86b3ca5799f36bf1291b978d7c6eb2cd4ce64c048f49dabcac4eea880576882d,86b3ca5799f36bf1291b978d7c6eb2cd4ce64c048f49dabcac4eea880576882d,gsm8k_numeric
155,GSM8K-005,GSM8K,740312add88f781978c0658806c59bc2815b9866,math_word_problem,738f3e641810ffc112e0739f8745909f663999a6d7f1a03d99273bfa872b67cd,738f3e641810ffc112e0739f8745909f663999a6d7f1a03d99273bfa872b67cd,gsm8k_numeric
156,GSM8K-006,GSM8K,740312add88f781978c0658806c59bc2815b9866,math_word_problem,3c4fc91451b6eb589ae952a9b02ef5c1bd289c4754890d43ba6b315989e650c0,3c4fc91451b6eb589ae952a9b02ef5c1bd289c4754890d43ba6b315989e650c0,gsm8k_numeric
157,GSM8K-007,GSM8K,740312add88f781978c0658806c59bc2815b9866,math_word_problem,83e7d566aa0ffbee3407eb5f40fd6f20b719eeb2900b4f7e17f33affb1dc55cd,83e7d566aa0ffbee3407eb5f40fd6f20b719eeb2900b4f7e17f33affb1dc55cd,gsm8k_numeric
158,GSM8K-008,GSM8K,740312add88f781978c0658806c59bc2815b9866,math_word_problem,477173f48977592b7627a654454f237f2a473c156166e14bddb1f6b284987848,477173f48977592b7627a654454f237f2a473c156166e14bddb1f6b284987848,gsm8k_numeric
159,GSM8K-009,GSM8K,740312add88f781978c0658806c59bc2815b9866,math_word_problem,80049d4dd366051c10907157ba009f9d72e7371edc9acf571937a84637d82b6e,80049d4dd366051c10907157ba009f9d72e7371edc9acf571937a84637d82b6e,gsm8k_numeric
160,GSM8K-010,GSM8K,740312add88f781978c0658806c59bc2815b9866,math_word_problem,f50cc0f50fe23d3408ad718d2a952529bba770c1f67ee1566eef65f7d9f986fd,f50cc0f50fe23d3408ad718d2a952529bba770c1f67ee1566eef65f7d9f986fd,gsm8k_numeric
161,GSM8K-011,GSM8K,740312add88f781978c0658806c59bc2815b9866,math_word_problem,19e905ba9674592c7e35f39865f4b174c9f22f9674814139ac736397117b5d18,19e905ba9674592c7e35f39865f4b174c9f22f9674814139ac736397117b5d18,gsm8k_numeric
162,GSM8K-012,GSM8K,740312add88f781978c0658806c59bc2815b9866,math_word_problem,bfd3566a5a978c0c7b052db32e6d037d44175c41da0f38f5cfec0ccc5e77b179,bfd3566a5a978c0c7b052db32e6d037d44175c41da0f38f5cfec0ccc5e77b179,gsm8k_numeric
163,GSM8K-013,GSM8K,740312add88f781978c0658806c59bc2815b9866,math_word_problem,653dfada1f2d82152f2dbdbcbcd8119e3d26511fa3be6f68b5928c3040eb8944,653dfada1f2d82152f2dbdbcbcd8119e3d26511fa3be6f68b5928c3040eb8944,gsm8k_numeric
164,GSM8K-014,GSM8K,740312add88f781978c0658806c59bc2815b9866,math_word_problem,26737344ea10d6547706ed20d6db4f1bb157adaccaa7edc1a12e11a05f78f3f0,26737344ea10d6547706ed20d6db4f1bb157adaccaa7edc1a12e11a05f78f3f0,gsm8k_numeric
165,GSM8K-015,GSM8K,740312add88f781978c0658806c59bc2815b9866,math_word_problem,f97b15cfd86f4fcce32ff9d9641488cdc33df874e8ad1f2fe8e055a35e60bb87,f97b15cfd86f4fcce32ff9d9641488cdc33df874e8ad1f2fe8e055a35e60bb87,gsm8k_numeric
166,GSM8K-016,GSM8K,740312add88f781978c0658806c59bc2815b9866,math_word_problem,0a2730fdc05ef2edb6c988513ccfaa1db0792771f0fc93fb25e365f11a44f2d6,0a2730fdc05ef2edb6c988513ccfaa1db0792771f0fc93fb25e365f11a44f2d6,gsm8k_numeric
167,GSM8K-017,GSM8K,740312add88f781978c0658806c59bc2815b9866,math_word_problem,545e9626d38336a62e0d259d6ae110468924a9c5edd4e3e2035e824b840f4945,545e9626d38336a62e0d259d6ae110468924a9c5edd4e3e2035e824b840f4945,gsm8k_numeric
168,GSM8K-018,GSM8K,740312add88f781978c0658806c59bc2815b9866,math_word_problem,f4ff034a99ca4c87819e0f39eb52884da33e8325bf1553f518a0704a3b9284ab,f4ff034a99ca4c87819e0f39eb52884da33e8325bf1553f518a0704a3b9284ab,gsm8k_numeric
169,GSM8K-019,GSM8K,740312add88f781978c0658806c59bc2815b9866,math_word_problem,2cc798489b7bf2752f090cdd504c84aad930b882fbd1dd0502f55cf81496e1b9,2cc798489b7bf2752f090cdd504c84aad930b882fbd1dd0502f55cf81496e1b9,gsm8k_numeric
170,GSM8K-020,GSM8K,740312add88f781978c0658806c59bc2815b9866,math_word_problem,971dabc5c71b6706fbcb9e063b691f12effce5e1ff53254b4123d7904ab52420,971dabc5c71b6706fbcb9e063b691f12effce5e1ff53254b4123d7904ab52420,gsm8k_numeric
171,GSM8K-021,GSM8K,740312add88f781978c0658806c59bc2815b9866,math_word_problem,035f5831e174711adc99caee27750f2356b4e6909f13d63f7fba156f98d4ee2f,035f5831e174711adc99caee27750f2356b4e6909f13d63f7fba156f98d4ee2f,gsm8k_numeric
172,GSM8K-022,GSM8K,740312add88f781978c0658806c59bc2815b9866,math_word_problem,39a2f8a70c1e36831f090d462c0e2db3c225c97406da8bf30424fdf8f31c9ce0,39a2f8a70c1e36831f090d462c0e2db3c225c97406da8bf30424fdf8f31c9ce0,gsm8k_numeric
173,GSM8K-023,GSM8K,740312add88f781978c0658806c59bc2815b9866,math_word_problem,47ddcefbf8e739751cb692d151dbf11326232f22d4b102b4ac9df8eee5b7fe75,47ddcefbf8e739751cb692d151dbf11326232f22d4b102b4ac9df8eee5b7fe75,gsm8k_numeric
174,GSM8K-024,GSM8K,740312add88f781978c0658806c59bc2815b9866,math_word_problem,99d384b14857cc004d17ce6b2b437cfb14f23e87c7ed28b65c261b44a9b60d98,99d384b14857cc004d17ce6b2b437cfb14f23e87c7ed28b65c261b44a9b60d98,gsm8k_numeric
175,GSM8K-025,GSM8K,740312add88f781978c0658806c59bc2815b9866,math_word_problem,4783e30761c87bde4f49b6e28196113c5566c9708aef88a3df37c50d0d0147b6,4783e30761c87bde4f49b6e28196113c5566c9708aef88a3df37c50d0d0147b6,gsm8k_numeric
176,GSM8K-026,GSM8K,740312add88f781978c0658806c59bc2815b9866,math_word_problem,7ad70902d789af62452ac710046e219dcaba77b86ef58529c38f5a8c9a19f81b,7ad70902d789af62452ac710046e219dcaba77b86ef58529c38f5a8c9a19f81b,gsm8k_numeric
177,GSM8K-027,GSM8K,740312add88f781978c0658806c59bc2815b9866,math_word_problem,bca059699200fc8148bca3b76881f8e2e97ca421e2d061ece31fca839423ba6e,bca059699200fc8148bca3b76881f8e2e97ca421e2d061ece31fca839423ba6e,gsm8k_numeric
178,GSM8K-028,GSM8K,740312add88f781978c0658806c59bc2815b9866,math_word_problem,71b2bb640b405a980704bba9db8c30f907f6840dec7127827aa10e2f0cc8f7ba,71b2bb640b405a980704bba9db8c30f907f6840dec7127827aa10e2f0cc8f7ba,gsm8k_numeric
179,GSM8K-029,GSM8K,740312add88f781978c0658806c59bc2815b9866,math_word_problem,f1bd272f017b9f6d33b5620ecf7239d52c001b3bbb96c9307c166e5da38fac25,f1bd272f017b9f6d33b5620ecf7239d52c001b3bbb96c9307c166e5da38fac25,gsm8k_numeric
180,GSM8K-030,GSM8K,740312add88f781978c0658806c59bc2815b9866,math_word_problem,f68cc08e4d7a196b4505d8d5ed48d362239e89f634bda0cfa47872940afb7475,f68cc08e4d7a196b4505d8d5ed48d362239e89f634bda0cfa47872940afb7475,gsm8k_numeric
181,GSM8K-031,GSM8K,740312add88f781978c0658806c59bc2815b9866,math_word_problem,f1dee5a761b47dd87e394d7612b15a29182787a6dd6377bc3268a0f148bd7be1,f1dee5a761b47dd87e394d7612b15a29182787a6dd6377bc3268a0f148bd7be1,gsm8k_numeric
182,GSM8K-032,GSM8K,740312add88f781978c0658806c59bc2815b9866,math_word_problem,5b792a71f89b52160ec355ba1e09a047f88e7dc50f3869dfda3990f5e051327a,5b792a71f89b52160ec355ba1e09a047f88e7dc50f3869dfda3990f5e051327a,gsm8k_numeric
183,GSM8K-033,GSM8K,740312add88f781978c0658806c59bc2815b9866,math_word_problem,c690b4bdd523cd51bcc64564f757f3d9c6ea3e9f56e5f2b8c8ac9e39f6773563,c690b4bdd523cd51bcc64564f757f3d9c6ea3e9f56e5f2b8c8ac9e39f6773563,gsm8k_numeric
184,GSM8K-034,GSM8K,740312add88f781978c0658806c59bc2815b9866,math_word_problem,f21a9e6cdbfa4b4f8e686e3678309d92a4a1189e427c89c96d713d211263d85d,f21a9e6cdbfa4b4f8e686e3678309d92a4a1189e427c89c96d713d211263d85d,gsm8k_numeric
185,GSM8K-035,GSM8K,740312add88f781978c0658806c59bc2815b9866,math_word_problem,a86878567dd84543bb818b08e3e071d8611b71e3526e50b03adefabafb7c2e81,a86878567dd84543bb818b08e3e071d8611b71e3526e50b03adefabafb7c2e81,gsm8k_numeric
186,GSM8K-036,GSM8K,740312add88f781978c0658806c59bc2815b9866,math_word_problem,9fc2936adc97b00ce1633814d94b44c5fc03a5120ce19293aeb25c97fe8387c9,9fc2936adc97b00ce1633814d94b44c5fc03a5120ce19293aeb25c97fe8387c9,gsm8k_numeric
187,GSM8K-037,GSM8K,740312add88f781978c0658806c59bc2815b9866,math_word_problem,6384adf877b3be73a0fce7278dd61c33d9b833a88e494daf37f0e7ec3c4e1fbf,6384adf877b3be73a0fce7278dd61c33d9b833a88e494daf37f0e7ec3c4e1fbf,gsm8k_numeric
188,GSM8K-038,GSM8K,740312add88f781978c0658806c59bc2815b9866,math_word_problem,1cd8fbe40f4cda3035e0cd9bcd8ac80461448b63d4c9ee45662514169c822f2d,1cd8fbe40f4cda3035e0cd9bcd8ac80461448b63d4c9ee45662514169c822f2d,gsm8k_numeric
189,GSM8K-039,GSM8K,740312add88f781978c0658806c59bc2815b9866,math_word_problem,61d9ff55e1365bd568ddb09ecda33663b162b0568e7ac953c512b6fb8b02c14c,61d9ff55e1365bd568ddb09ecda33663b162b0568e7ac953c512b6fb8b02c14c,gsm8k_numeric
190,GSM8K-040,GSM8K,740312add88f781978c0658806c59bc2815b9866,math_word_problem,ad1d19650dbf3fe69595f5a01df751d8018f2265732c1b0b39401767cc78c54d,ad1d19650dbf3fe69595f5a01df751d8018f2265732c1b0b39401767cc78c54d,gsm8k_numeric
191,GSM8K-041,GSM8K,740312add88f781978c0658806c59bc2815b9866,math_word_problem,b6a6a65be837a264ed98644de6c3455eca204e754137a7fcd30008cc8907f3cc,b6a6a65be837a264ed98644de6c3455eca204e754137a7fcd30008cc8907f3cc,gsm8k_numeric
192,GSM8K-042,GSM8K,740312add88f781978c0658806c59bc2815b9866,math_word_problem,04652af213b74506abd3f15174298a9bc0e0ac09aed9eed6b1f1edad55136824,04652af213b74506abd3f15174298a9bc0e0ac09aed9eed6b1f1edad55136824,gsm8k_numeric
193,GSM8K-043,GSM8K,740312add88f781978c0658806c59bc2815b9866,math_word_problem,400a07fcaae641de7335e9e35e75986238566dbfa74c7c1441ac3ce511b78c25,400a07fcaae641de7335e9e35e75986238566dbfa74c7c1441ac3ce511b78c25,gsm8k_numeric
194,GSM8K-044,GSM8K,740312add88f781978c0658806c59bc2815b9866,math_word_problem,003c5304d9aeda0ff30e926faf27e7c05d3f50f4092b2f11e6230f8f386a342e,003c5304d9aeda0ff30e926faf27e7c05d3f50f4092b2f11e6230f8f386a342e,gsm8k_numeric
195,GSM8K-045,GSM8K,740312add88f781978c0658806c59bc2815b9866,math_word_problem,5e8a0183d282287ec3164dd71f5624673f277468275eff3b8eada2ce5bbfa39b,5e8a0183d282287ec3164dd71f5624673f277468275eff3b8eada2ce5bbfa39b,gsm8k_numeric
196,GSM8K-046,GSM8K,740312add88f781978c0658806c59bc2815b9866,math_word_problem,10b3cef0bc5a0a9461c025f0d700cc85329760cd826369ec293c66567d8a5579,10b3cef0bc5a0a9461c025f0d700cc85329760cd826369ec293c66567d8a5579,gsm8k_numeric
197,GSM8K-047,GSM8K,740312add88f781978c0658806c59bc2815b9866,math_word_problem,6859eab0476776dd23c3878f91e412c5ea062a7b6c380d62ffe9da49c1a35923,6859eab0476776dd23c3878f91e412c5ea062a7b6c380d62ffe9da49c1a35923,gsm8k_numeric
198,GSM8K-048,GSM8K,740312add88f781978c0658806c59bc2815b9866,math_word_problem,8aba72e5533aaf2c7e62b0a22bcef10ca8b597ce2b045683dd4489528d1d0d3d,8aba72e5533aaf2c7e62b0a22bcef10ca8b597ce2b045683dd4489528d1d0d3d,gsm8k_numeric
199,GSM8K-049,GSM8K,740312add88f781978c0658806c59bc2815b9866,math_word_problem,de563650cee0d9af13492eae156046720df4ca9c1f177f29d4ea25b2c9d82c83,de563650cee0d9af13492eae156046720df4ca9c1f177f29d4ea25b2c9d82c83,gsm8k_numeric
200,GSM8K-050,GSM8K,740312add88f781978c0658806c59bc2815b9866,math_word_problem,b9cb8545f95a686bbc7a994c143a3f2ecc5a5da8c83c2acd78aec0372d190d90,b9cb8545f95a686bbc7a994c143a3f2ecc5a5da8c83c2acd78aec0372d190d90,gsm8k_numeric
201,GSM8K-051,GSM8K,740312add88f781978c0658806c59bc2815b9866,math_word_problem,dc3605a75eb8adbf61e968e2bfac32a655f66c080958f39c132a5df60de256be,dc3605a75eb8adbf61e968e2bfac32a655f66c080958f39c132a5df60de256be,gsm8k_numeric
202,GSM8K-052,GSM8K,740312add88f781978c0658806c59bc2815b9866,math_word_problem,21d68b10c625413677281ce19bfd6c5439c90694589f1682d0e22bd97bb08147,21d68b10c625413677281ce19bfd6c5439c90694589f1682d0e22bd97bb08147,gsm8k_numeric
203,GSM8K-053,GSM8K,740312add88f781978c0658806c59bc2815b9866,math_word_problem,fcef2039185ce0d99b5f6c6ab186f69dd11e4b0d7d86142edfc1ba064f5ac2f1,fcef2039185ce0d99b5f6c6ab186f69dd11e4b0d7d86142edfc1ba064f5ac2f1,gsm8k_numeric
204,GSM8K-054,GSM8K,740312add88f781978c0658806c59bc2815b9866,math_word_problem,ae7b78223d943ffb83542bf8362ffeb2ef02fb40f0ffa2c17d829cc6089a306c,ae7b78223d943ffb83542bf8362ffeb2ef02fb40f0ffa2c17d829cc6089a306c,gsm8k_numeric
205,GSM8K-055,GSM8K,740312add88f781978c0658806c59bc2815b9866,math_word_problem,798a745298c85d2fb4d4d6e47fc0ed35f55a55b5fb1d4a2b01ccabb0247c6f6d,798a745298c85d2fb4d4d6e47fc0ed35f55a55b5fb1d4a2b01ccabb0247c6f6d,gsm8k_numeric
206,GSM8K-056,GSM8K,740312add88f781978c0658806c59bc2815b9866,math_word_problem,df342f895015354380b402e9680033767974670a8327e12804eadda8bbc6699b,df342f895015354380b402e9680033767974670a8327e12804eadda8bbc6699b,gsm8k_numeric
207,GSM8K-057,GSM8K,740312add88f781978c0658806c59bc2815b9866,math_word_problem,9ead973a55e536e5ab7e9f205d8a21d6e32a0aa8d0c48d0ff6c3beeca66a5dad,9ead973a55e536e5ab7e9f205d8a21d6e32a0aa8d0c48d0ff6c3beeca66a5dad,gsm8k_numeric
208,GSM8K-058,GSM8K,740312add88f781978c0658806c59bc2815b9866,math_word_problem,db2d2e36b8659d9cbd1ab29337615628979bc241e79f8d01e2ae06e917721986,db2d2e36b8659d9cbd1ab29337615628979bc241e79f8d01e2ae06e917721986,gsm8k_numeric
209,GSM8K-059,GSM8K,740312add88f781978c0658806c59bc2815b9866,math_word_problem,10b2571763643503452df0df63e1043d6b57f1030df19af351795df75036e299,10b2571763643503452df0df63e1043d6b57f1030df19af351795df75036e299,gsm8k_numeric
210,GSM8K-060,GSM8K,740312add88f781978c0658806c59bc2815b9866,math_word_problem,0fd5beca3ad36df10907617d0ae85d7e9857e29010070a97c95beefdb8484243,0fd5beca3ad36df10907617d0ae85d7e9857e29010070a97c95beefdb8484243,gsm8k_numeric
211,GSM8K-061,GSM8K,740312add88f781978c0658806c59bc2815b9866,math_word_problem,fbca4a501fef777426771b32ba6b6dcd62843e785dcd43ce34fe2a1c9bd1797f,fbca4a501fef777426771b32ba6b6dcd62843e785dcd43ce34fe2a1c9bd1797f,gsm8k_numeric
212,GSM8K-062,GSM8K,740312add88f781978c0658806c59bc2815b9866,math_word_problem,f2e3baa08b2afa6c6662bcb475c5b1a8cbfb2613ba6785fdbbed53d31c545d95,f2e3baa08b2afa6c6662bcb475c5b1a8cbfb2613ba6785fdbbed53d31c545d95,gsm8k_numeric
213,GSM8K-063,GSM8K,740312add88f781978c0658806c59bc2815b9866,math_word_problem,941e44e0da01da5e27f219352e40a4eaf1fd369f9293afeb7f6ac79230ec478d,941e44e0da01da5e27f219352e40a4eaf1fd369f9293afeb7f6ac79230ec478d,gsm8k_numeric
214,GSM8K-064,GSM8K,740312add88f781978c0658806c59bc2815b9866,math_word_problem,e8aa751873f681ba49d9116ae9a8bf525ac1a162b75bf041e891e6c841774c26,e8aa751873f681ba49d9116ae9a8bf525ac1a162b75bf041e891e6c841774c26,gsm8k_numeric
215,GSM8K-065,GSM8K,740312add88f781978c0658806c59bc2815b9866,math_word_problem,c131504c06e44841b423734dce28ce1d10230ce3744d7f93d62678607f45ea05,c131504c06e44841b423734dce28ce1d10230ce3744d7f93d62678607f45ea05,gsm8k_numeric
216,GSM8K-066,GSM8K,740312add88f781978c0658806c59bc2815b9866,math_word_problem,8449de11d68a10fbf378f8b97378cd55f298ec0fa29d0a251ccff0a31e0dd5dd,8449de11d68a10fbf378f8b97378cd55f298ec0fa29d0a251ccff0a31e0dd5dd,gsm8k_numeric
217,GSM8K-067,GSM8K,740312add88f781978c0658806c59bc2815b9866,math_word_problem,8b47e7bec0853166a910a158c4518b276f335815a9a426bb308126331ce5e1e0,8b47e7bec0853166a910a158c4518b276f335815a9a426bb308126331ce5e1e0,gsm8k_numeric
218,GSM8K-068,GSM8K,740312add88f781978c0658806c59bc2815b9866,math_word_problem,e97f4c0f6994a883d33bffce9d02b8e2d5419fd82d7c79d6da77983f4f4aa9ba,e97f4c0f6994a883d33bffce9d02b8e2d5419fd82d7c79d6da77983f4f4aa9ba,gsm8k_numeric
219,GSM8K-069,GSM8K,740312add88f781978c0658806c59bc2815b9866,math_word_problem,ce589ecfd3ab0f3d1d03835a292fb5029f9d91cf434342da860f0fd0502e8323,ce589ecfd3ab0f3d1d03835a292fb5029f9d91cf434342da860f0fd0502e8323,gsm8k_numeric
220,GSM8K-070,GSM8K,740312add88f781978c0658806c59bc2815b9866,math_word_problem,b30784db8347fa20525dd3be948d33b090ebd88cb67ef6f88e70f2f6268b8c3c,b30784db8347fa20525dd3be948d33b090ebd88cb67ef6f88e70f2f6268b8c3c,gsm8k_numeric
221,GSM8K-071,GSM8K,740312add88f781978c0658806c59bc2815b9866,math_word_problem,b7f59158b17ad0c29c87d8a94177e34cffceba9fe3ea77e028e09b79d6e4c2b9,b7f59158b17ad0c29c87d8a94177e34cffceba9fe3ea77e028e09b79d6e4c2b9,gsm8k_numeric
222,GSM8K-072,GSM8K,740312add88f781978c0658806c59bc2815b9866,math_word_problem,32baaad46e2b553a3d259590f8235e0635790f0f392c02ed378f8846992819a8,32baaad46e2b553a3d259590f8235e0635790f0f392c02ed378f8846992819a8,gsm8k_numeric
223,GSM8K-073,GSM8K,740312add88f781978c0658806c59bc2815b9866,math_word_problem,4067bce91754443c261b50bc01c9240ea442bd00793c5f59abf1e6bbfa91ca71,4067bce91754443c261b50bc01c9240ea442bd00793c5f59abf1e6bbfa91ca71,gsm8k_numeric
224,GSM8K-074,GSM8K,740312add88f781978c0658806c59bc2815b9866,math_word_problem,018f6c642af7ddad46a6c63b3a95c01b982f8b26fef53c1e9f76091dda109505,018f6c642af7ddad46a6c63b3a95c01b982f8b26fef53c1e9f76091dda109505,gsm8k_numeric
225,GSM8K-075,GSM8K,740312add88f781978c0658806c59bc2815b9866,math_word_problem,0b13d6ea610293822e754f38127e8fb924f505a537bdee46266326b4c2ef0ec4,0b13d6ea610293822e754f38127e8fb924f505a537bdee46266326b4c2ef0ec4,gsm8k_numeric
226,IFEVAL-0024,IFEval,966cd89545d6b6acfd7638bc708b98261ca58e84,instruction_following,24,90d9361442a72c4c3884dcb803663ba4999930c5f7598c60362818c43da569eb,ifeval_official
227,IFEVAL-0127,IFEval,966cd89545d6b6acfd7638bc708b98261ca58e84,instruction_following,127,05e7f9c824e498270f8a25e4210ccb38890f067b8fb9a52f7585472cf22def6d,ifeval_official
228,IFEVAL-0136,IFEval,966cd89545d6b6acfd7638bc708b98261ca58e84,instruction_following,136,555f88b1d42ca20dfeb344938c3646f7e3ceefca97850648b27d2be720edbcf3,ifeval_official
229,IFEVAL-0201,IFEval,966cd89545d6b6acfd7638bc708b98261ca58e84,instruction_following,201,0ef40efb3934746e47567b789f17396103a163c7eea9bb8e420a384c8aa0e6cb,ifeval_official
230,IFEVAL-0202,IFEval,966cd89545d6b6acfd7638bc708b98261ca58e84,instruction_following,202,878b3715c393debc9e92058c46e6d40af3e064c68f6d878f3f5a4a3d075897fb,ifeval_official
231,IFEVAL-0219,IFEval,966cd89545d6b6acfd7638bc708b98261ca58e84,instruction_following,219,10701d728a76b20092f2b90f254e50e0105e89a2466fee4cd983c8ba1c6f4e4a,ifeval_official
232,IFEVAL-0247,IFEval,966cd89545d6b6acfd7638bc708b98261ca58e84,instruction_following,247,27a5ed687c78a9ccec11a5c33c84ababfcab16bf192955bb97f88ed5d529309e,ifeval_official
233,IFEVAL-0279,IFEval,966cd89545d6b6acfd7638bc708b98261ca58e84,instruction_following,279,6f87a2bc5d962eba283ae285e2baddc5bc98193c9a0aface6270eb86e7691237,ifeval_official
234,IFEVAL-0374,IFEval,966cd89545d6b6acfd7638bc708b98261ca58e84,instruction_following,374,06e1fb41da1066befe187525ed52ced10da777d82772731f401f774c741c06f9,ifeval_official
235,IFEVAL-1005,IFEval,966cd89545d6b6acfd7638bc708b98261ca58e84,instruction_following,1005,cf7ebf6b17d5c09436d7d16a5083dbb9db414aaa8799ded3e9fb187ba4493872,ifeval_official
236,IFEVAL-1094,IFEval,966cd89545d6b6acfd7638bc708b98261ca58e84,instruction_following,1094,b3aecc9bd8ff70e9f749d207c1f777d5d07f42b6df644f6f7b3ed8d75bb07b7c,ifeval_official
237,IFEVAL-1122,IFEval,966cd89545d6b6acfd7638bc708b98261ca58e84,instruction_following,1122,05773a8469ae91d412d53682e3752d52e31f467dac0ab8b8804b1cc0e2321643,ifeval_official
238,IFEVAL-1127,IFEval,966cd89545d6b6acfd7638bc708b98261ca58e84,instruction_following,1127,cae2aa9f2a973544648afebc6a069d647a232c9195ac8e00d029daac2da4824b,ifeval_official
239,IFEVAL-1139,IFEval,966cd89545d6b6acfd7638bc708b98261ca58e84,instruction_following,1139,da8ce9630b53e6f38f27e5de293e92cc25dfe75862607091e9d07d873087f729,ifeval_official
240,IFEVAL-1148,IFEval,966cd89545d6b6acfd7638bc708b98261ca58e84,instruction_following,1148,6db048db913362a386bc7704c9a1acde8b212d3b28b3c2f2ac83917127aa7cfb,ifeval_official
241,IFEVAL-1187,IFEval,966cd89545d6b6acfd7638bc708b98261ca58e84,instruction_following,1187,5172e0e761c15b1fd90db9643b68ab01f6445c1be3e08428f80fe856c08c1800,ifeval_official
242,IFEVAL-1219,IFEval,966cd89545d6b6acfd7638bc708b98261ca58e84,instruction_following,1219,cba9b79eda31d365a6e85bc6777a4fd05659a71032c41c44f6e721a406a454a1,ifeval_official
243,IFEVAL-1246,IFEval,966cd89545d6b6acfd7638bc708b98261ca58e84,instruction_following,1246,b12b60fbba5d10c9533851a7039898b76bc01b67f3df01115d239549a3ac7712,ifeval_official
244,IFEVAL-1251,IFEval,966cd89545d6b6acfd7638bc708b98261ca58e84,instruction_following,1251,59cb3ed0a47067d183950b242d23a5d910d72e7d3f9d9d180560258de8439125,ifeval_official
245,IFEVAL-1268,IFEval,966cd89545d6b6acfd7638bc708b98261ca58e84,instruction_following,1268,6afe59fee6b8d293ca2b9e488ffafb0db5dff52a2e8388fb30b68b9712cd4721,ifeval_official
246,IFEVAL-1325,IFEval,966cd89545d6b6acfd7638bc708b98261ca58e84,instruction_following,1325,6d506eeb7956aea0a27347de03205d5800aebd74410ddffaba13315dcbb54449,ifeval_official
247,IFEVAL-1375,IFEval,966cd89545d6b6acfd7638bc708b98261ca58e84,instruction_following,1375,1039b88183a413641c51e07261ad21aa34eb4334a738e43b953a548b6f018805,ifeval_official
248,IFEVAL-1381,IFEval,966cd89545d6b6acfd7638bc708b98261ca58e84,instruction_following,1381,8e9ab6676e354740eb3b0029a77bdebaeb16da55ea4cef982bd4228789e62b4b,ifeval_official
249,IFEVAL-1466,IFEval,966cd89545d6b6acfd7638bc708b98261ca58e84,instruction_following,1466,b0730e261bb3148b46efe8d4e28568ddc55aa86f71dbf09f264e5a1dbdf7d9f1,ifeval_official
250,IFEVAL-1481,IFEval,966cd89545d6b6acfd7638bc708b98261ca58e84,instruction_following,1481,815bbe09f05b4d1be79842b91439ca0e808664ddb98b8ef854ecdf42a7e84940,ifeval_official
251,IFEVAL-1566,IFEval,966cd89545d6b6acfd7638bc708b98261ca58e84,instruction_following,1566,1de12b46a1edf26e10fb64de4edf6bc91c4c0e23afef0068f29166f51dac1869,ifeval_official
252,IFEVAL-1592,IFEval,966cd89545d6b6acfd7638bc708b98261ca58e84,instruction_following,1592,95c880ec9440ec74f360ef5e4f9ab5717eae089d30335c6d6989accfbdeac279,ifeval_official
253,IFEVAL-1653,IFEval,966cd89545d6b6acfd7638bc708b98261ca58e84,instruction_following,1653,fb5dee83c696f3f3ac1b241a82dae257194e81c694b0ebda104a8bdb49a13d34,ifeval_official
254,IFEVAL-1667,IFEval,966cd89545d6b6acfd7638bc708b98261ca58e84,instruction_following,1667,9caf1f2b16f1af17fbf62226166686bdfd1daf879c1ab1c0eb2ab0428fe331a6,ifeval_official
255,IFEVAL-1779,IFEval,966cd89545d6b6acfd7638bc708b98261ca58e84,instruction_following,1779,4bfa16fe4f65a446d6019f6d0cbcbe4f11e66dd48bb97ddbf43327b8fd02c579,ifeval_official
256,IFEVAL-1802,IFEval,966cd89545d6b6acfd7638bc708b98261ca58e84,instruction_following,1802,23b50f30a1317ee2ff5b21eafd09252d9db9928d7efa0819e4d027ae8f7f7063,ifeval_official
257,IFEVAL-1834,IFEval,966cd89545d6b6acfd7638bc708b98261ca58e84,instruction_following,1834,0b1d4c398ded6144723d48bff938c27c49893d3a85c89f1c8088588e9a2bb09e,ifeval_official
258,IFEVAL-1843,IFEval,966cd89545d6b6acfd7638bc708b98261ca58e84,instruction_following,1843,8e65fcdc739913da4867d68c1b33a29ea47470d57ae7671bb36f084e45d6e4a4,ifeval_official
259,IFEVAL-1927,IFEval,966cd89545d6b6acfd7638bc708b98261ca58e84,instruction_following,1927,ecb9883e0c0fffa827be25b5ae1022796baae318640a4a4976975a85725a0158,ifeval_official
260,IFEVAL-1954,IFEval,966cd89545d6b6acfd7638bc708b98261ca58e84,instruction_following,1954,e7d5990bf3a703fac6a33f7375e688b1cf5675215d2d88127a323ebb24c94e23,ifeval_official
261,IFEVAL-1964,IFEval,966cd89545d6b6acfd7638bc708b98261ca58e84,instruction_following,1964,ec8f98e204aa1a4ca4c7ab75f193b236ce7dd923de1299dffac2e8825981fc24,ifeval_official
262,IFEVAL-1999,IFEval,966cd89545d6b6acfd7638bc708b98261ca58e84,instruction_following,1999,d457716d59c1715fe57bee042189110a5c3b06ce0c1b02592d423ba8113fa45e,ifeval_official
263,IFEVAL-2010,IFEval,966cd89545d6b6acfd7638bc708b98261ca58e84,instruction_following,2010,4ec7bbaf108e54bb385756b6126b06c031f16ce58a731892438d9edf4c2c6ea9,ifeval_official
264,IFEVAL-2035,IFEval,966cd89545d6b6acfd7638bc708b98261ca58e84,instruction_following,2035,a46c8bf9d4839f7a8ade9ebbf5d9ac4c2ce28fc60b5e82e901917a35251d48c4,ifeval_official
265,IFEVAL-2107,IFEval,966cd89545d6b6acfd7638bc708b98261ca58e84,instruction_following,2107,c4eb231ccb39ca6a59d44bf62e2d80f37d73517f37452dfa5adb710148b4ad4d,ifeval_official
266,IFEVAL-2142,IFEval,966cd89545d6b6acfd7638bc708b98261ca58e84,instruction_following,2142,4cf99b489675124ae452992d9f7f08572c76c1331e50db1bc055e55ac0febd84,ifeval_official
267,IFEVAL-2207,IFEval,966cd89545d6b6acfd7638bc708b98261ca58e84,instruction_following,2207,c10093a6c8c9aec1144440b2de9dee0b30348b970d74d796b97abde34f94f26d,ifeval_official
268,IFEVAL-2229,IFEval,966cd89545d6b6acfd7638bc708b98261ca58e84,instruction_following,2229,d1c580c4ae5e5ad96947444f2fc42def3bd21c5fec366495ddba26c397d04fb8,ifeval_official
269,IFEVAL-2323,IFEval,966cd89545d6b6acfd7638bc708b98261ca58e84,instruction_following,2323,e1f50a517a64d306e35b12270be37bcd8be4b934e6c6a61952790ce328d5cc27,ifeval_official
270,IFEVAL-2357,IFEval,966cd89545d6b6acfd7638bc708b98261ca58e84,instruction_following,2357,abc7a6fc176018a3567a4b99412f952f78e0a3aeb161192827091feb644fbd88,ifeval_official
271,IFEVAL-2381,IFEval,966cd89545d6b6acfd7638bc708b98261ca58e84,instruction_following,2381,8aff07a7474de95cbc4f2935865e120ab3e9d162fcf4a07b0129d5518c7346c6,ifeval_official
272,IFEVAL-2395,IFEval,966cd89545d6b6acfd7638bc708b98261ca58e84,instruction_following,2395,2713c2de07b21f9ccbeba93fd92f82d8e2e9dbbe87931d249b8496a17d8e39e4,ifeval_official
273,IFEVAL-2436,IFEval,966cd89545d6b6acfd7638bc708b98261ca58e84,instruction_following,2436,9d44a7b12a91333316b08b9548cdf184ea76e251737c8e3ef138b1d2d30c5143,ifeval_official
274,IFEVAL-2596,IFEval,966cd89545d6b6acfd7638bc708b98261ca58e84,instruction_following,2596,686e8850d288f6aeb3923696d9e43f1945cae9fe6a07fd901864e730ea5faef7,ifeval_official
275,IFEVAL-2653,IFEval,966cd89545d6b6acfd7638bc708b98261ca58e84,instruction_following,2653,b843adadf52a024b98c693b68f8eb9aecc8eae71f0bbf72762b577e4633d6560,ifeval_official
276,IFEVAL-2683,IFEval,966cd89545d6b6acfd7638bc708b98261ca58e84,instruction_following,2683,fd6507be056bd3e932f3f5d2b6da316b977c74e25e9259f5c8587d24f8d0a5db,ifeval_official
277,IFEVAL-2691,IFEval,966cd89545d6b6acfd7638bc708b98261ca58e84,instruction_following,2691,ac888f78d708f490adae3fbd5837995c66dbdeeb217a02801751584f75a3e0ac,ifeval_official
278,IFEVAL-2857,IFEval,966cd89545d6b6acfd7638bc708b98261ca58e84,instruction_following,2857,38753c5073d588e8013b39d2cfffbd263b0947d07f4b47b0082b7e2d9d9461aa,ifeval_official
279,IFEVAL-2880,IFEval,966cd89545d6b6acfd7638bc708b98261ca58e84,instruction_following,2880,fa635a531b5dfb3bd5501cf4c9bbe21455d6eafab55babbe958115e9d5675f38,ifeval_official
280,IFEVAL-2887,IFEval,966cd89545d6b6acfd7638bc708b98261ca58e84,instruction_following,2887,0ee3cf06d80d93c53b50d5fb943dd510e73b32c46c214233d61463bf386a1139,ifeval_official
281,IFEVAL-2908,IFEval,966cd89545d6b6acfd7638bc708b98261ca58e84,instruction_following,2908,140a0e2efd130a0ece04ae63d764a0e25b69aa5e41df12f5b738be20759999b3,ifeval_official
282,IFEVAL-2969,IFEval,966cd89545d6b6acfd7638bc708b98261ca58e84,instruction_following,2969,55a87037be1602948cfb053a343d25a3238fa13ce8812ddd88aa72df1fd2b8c2,ifeval_official
283,IFEVAL-3035,IFEval,966cd89545d6b6acfd7638bc708b98261ca58e84,instruction_following,3035,97a812542f05a0b0e0f6fcefdaef5cf355c223658d2fda7e92b0548074505aaf,ifeval_official
284,IFEVAL-3048,IFEval,966cd89545d6b6acfd7638bc708b98261ca58e84,instruction_following,3048,7e2dfabf20425a41341fe501ad7189365755267ce506637f58f989890b28306c,ifeval_official
285,IFEVAL-3223,IFEval,966cd89545d6b6acfd7638bc708b98261ca58e84,instruction_following,3223,7c07b4df9e49159796b84c4a89a3375c969432ed2f9773f59d74d0a349643c5b,ifeval_official
286,IFEVAL-3305,IFEval,966cd89545d6b6acfd7638bc708b98261ca58e84,instruction_following,3305,4f81494760afc2e02a3d94561c8937ac13db9f6fd176ca36b8018f9bbee4fb99,ifeval_official
287,IFEVAL-3311,IFEval,966cd89545d6b6acfd7638bc708b98261ca58e84,instruction_following,3311,2946bdd7398a640aac3559d843f8edecc9f926848e25aae158a688cf285bc5cd,ifeval_official
288,IFEVAL-3327,IFEval,966cd89545d6b6acfd7638bc708b98261ca58e84,instruction_following,3327,4fe82bfc1fdeef9220ead1c9d4b08b133202334f047d216a4bcb1142117d0a20,ifeval_official
289,IFEVAL-3350,IFEval,966cd89545d6b6acfd7638bc708b98261ca58e84,instruction_following,3350,c6d239f9b9443dd7c0af95a9dc3508b0c9c70ef0cccd8c248aeb1baf1ac36227,ifeval_official
290,IFEVAL-3351,IFEval,966cd89545d6b6acfd7638bc708b98261ca58e84,instruction_following,3351,1e013d21b5e9f24e94e47d93e482cc2f358504b00a39782fded65fe4f0428b72,ifeval_official
291,IFEVAL-3453,IFEval,966cd89545d6b6acfd7638bc708b98261ca58e84,instruction_following,3453,e78aae9efb233c3c01ef9a5194d92e11af2a294328a0b1936b9a32cf75e1c890,ifeval_official
292,IFEVAL-3557,IFEval,966cd89545d6b6acfd7638bc708b98261ca58e84,instruction_following,3557,5390ced780039a005bf7112b06f786e0dd69038383694182e8c9f050621dbf7c,ifeval_official
293,IFEVAL-3563,IFEval,966cd89545d6b6acfd7638bc708b98261ca58e84,instruction_following,3563,be09eb4aba914e4183c02b57250d871135dbe2814b66011c34d49dc1a5035752,ifeval_official
294,IFEVAL-3567,IFEval,966cd89545d6b6acfd7638bc708b98261ca58e84,instruction_following,3567,9736189b4f87dbbc06399ebba9af0a219ecdb23a75cd0e5669535957673b6da6,ifeval_official
295,IFEVAL-3608,IFEval,966cd89545d6b6acfd7638bc708b98261ca58e84,instruction_following,3608,fb4dbb080e463ca75be38454fe700d58c068a733a75e92160efab09c4dc8fe45,ifeval_official
296,IFEVAL-3617,IFEval,966cd89545d6b6acfd7638bc708b98261ca58e84,instruction_following,3617,9e9e791bf5eaa38d18b8ade0b9881ac3785b2b69f6487afc8265ed86ae77c9a0,ifeval_official
297,IFEVAL-3631,IFEval,966cd89545d6b6acfd7638bc708b98261ca58e84,instruction_following,3631,497bde09530557b5c366117b983907724a26fc65815bd526ca470fbd5531b639,ifeval_official
298,IFEVAL-3682,IFEval,966cd89545d6b6acfd7638bc708b98261ca58e84,instruction_following,3682,7466fe4496c51d30f9e3a648e79d31d15bad49126b64565ae53bdb83799378ad,ifeval_official
299,IFEVAL-3691,IFEval,966cd89545d6b6acfd7638bc708b98261ca58e84,instruction_following,3691,b11a00234b93eb2960f47c39fc72e3f0a88465f8021c62c632d1f216b10279fb,ifeval_official
300,IFEVAL-3703,IFEval,966cd89545d6b6acfd7638bc708b98261ca58e84,instruction_following,3703,23bf64224e975e9694f50e8e80150f696f2cbc7773c16308d95de9eedd8f4e4b,ifeval_official
301,LCB-V6-001,LiveCodeBench,d44be6b144381afa49392b1f0eb424a64a4d8a10,code_generation,3690,10a56e4f197f8348c127185d2342da79129f3a5b210e6f2cf51d6106d29401cd,livecodebench_official
302,LCB-V6-002,LiveCodeBench,d44be6b144381afa49392b1f0eb424a64a4d8a10,code_generation,3388,3b4d7d693d95660fa313a1f1dfb78e0afaff03979c12a13195a7b5035302deed,livecodebench_official
303,LCB-V6-003,LiveCodeBench,d44be6b144381afa49392b1f0eb424a64a4d8a10,code_generation,3552,48907da64487311604283f322a66164872ea0bb274a9e792d585335dccfaec6f,livecodebench_official
304,LCB-V6-004,LiveCodeBench,d44be6b144381afa49392b1f0eb424a64a4d8a10,code_generation,abc330_e,36111366badc4baf8aabc9cd674cc05a3f2cfd2be1f05b994047f36b5554d7d8,livecodebench_official
305,LCB-V6-005,LiveCodeBench,d44be6b144381afa49392b1f0eb424a64a4d8a10,code_generation,3422,745f1755c0fba0630191629330b328448b09859cf54644632b4e90f58c0e76c8,livecodebench_official
306,LCB-V6-006,LiveCodeBench,d44be6b144381afa49392b1f0eb424a64a4d8a10,code_generation,3651,a90062a82050dd154bdbda8e541a6e4b3c768e2889cd48638e8b5b7f2c78a302,livecodebench_official
307,LCB-V6-007,LiveCodeBench,d44be6b144381afa49392b1f0eb424a64a4d8a10,code_generation,abc369_g,fe2f6a120752785f42fb0751def16ebc660a7ebd8ef2acc2666d92a5c524598b,livecodebench_official
308,LCB-V6-008,LiveCodeBench,d44be6b144381afa49392b1f0eb424a64a4d8a10,code_generation,3329,ff4aebe6507f8b0d121f0c698bd781270c6befb774aecae135c59ab9326a62cb,livecodebench_official
309,LCB-V6-009,LiveCodeBench,d44be6b144381afa49392b1f0eb424a64a4d8a10,code_generation,3636,e9001fa4c3f33c4cf744bcaea45e1c3df1703627ad9bfdd14d2d9133bfb8de4d,livecodebench_official
310,LCB-V6-010,LiveCodeBench,d44be6b144381afa49392b1f0eb424a64a4d8a10,code_generation,2869,657c0896edb21f9b1f95a61a117f1d2b285dfcdced8194304ae49f9dfd0176c3,livecodebench_official
311,LCB-V6-011,LiveCodeBench,d44be6b144381afa49392b1f0eb424a64a4d8a10,code_generation,3759,d6c99806144a36dfb4db40cb4af259228b3f9ded631194bf1f19e002a0d579f9,livecodebench_official
312,LCB-V6-012,LiveCodeBench,d44be6b144381afa49392b1f0eb424a64a4d8a10,code_generation,3172,fca48d4fc6eb5a000ee6e52d2c87068ffd0c4b50ab5aec0d356f9e77eb272464,livecodebench_official
313,LCB-V6-013,LiveCodeBench,d44be6b144381afa49392b1f0eb424a64a4d8a10,code_generation,3575,cdde0db1d81daad0b3c98ecbb68513feb590742dd5384f2ac6b0cc1e4a99ba00,livecodebench_official
314,LCB-V6-014,LiveCodeBench,d44be6b144381afa49392b1f0eb424a64a4d8a10,code_generation,abc400_d,59e8c8b7df4f5883cb71c65f1760049802342b7b4fbe0fd8f8c2ab0c1a84f837,livecodebench_official
315,LCB-V6-015,LiveCodeBench,d44be6b144381afa49392b1f0eb424a64a4d8a10,code_generation,3195,6050690d028169b5e221e1e507dea2dd84e6623b624f390ea0a21c7e715d21d8,livecodebench_official
316,LCB-V6-016,LiveCodeBench,d44be6b144381afa49392b1f0eb424a64a4d8a10,code_generation,abc349_b,c41c90c6cf6afe8d6c5fb686ab4e259d0d48e831cd09bc77a707b4cfb29b3c5d,livecodebench_official
317,LCB-V6-017,LiveCodeBench,d44be6b144381afa49392b1f0eb424a64a4d8a10,code_generation,abc307_d,a04a4172816f8396022ac0a40e5b93e1a8b0446477711eaaceb267db7456543b,livecodebench_official
318,LCB-V6-018,LiveCodeBench,d44be6b144381afa49392b1f0eb424a64a4d8a10,code_generation,abc385_b,4d3d83575c3b6c30f46c0f755ed46855649b91fc2a5d944f64b52ccd62886526,livecodebench_official
319,LCB-V6-019,LiveCodeBench,d44be6b144381afa49392b1f0eb424a64a4d8a10,code_generation,3714,8cde41e85be3017f68bf96629281c3d6792850b01e6e3e42b227f7ff773356f7,livecodebench_official
320,LCB-V6-020,LiveCodeBench,d44be6b144381afa49392b1f0eb424a64a4d8a10,code_generation,abc315_e,4e311a581185f865f2e5f23cf5caec97dbe06185da134d192d9622e479407657,livecodebench_official
321,LCB-V6-021,LiveCodeBench,d44be6b144381afa49392b1f0eb424a64a4d8a10,code_generation,3163,16906b05b92d57e081e8c155bf69af92ce1892ada2e336483ee0842ed377833e,livecodebench_official
322,LCB-V6-022,LiveCodeBench,d44be6b144381afa49392b1f0eb424a64a4d8a10,code_generation,3242,d80fc26254f7ca3f203042a49cf37ed2bbb40fd8fe011940450e12fccfa15712,livecodebench_official
323,LCB-V6-023,LiveCodeBench,d44be6b144381afa49392b1f0eb424a64a4d8a10,code_generation,abc376_e,475b951ba98e8c8c0fb0bcdb8ed653feca7a10bf5bfab53ece49e502da75abf8,livecodebench_official
324,LCB-V6-024,LiveCodeBench,d44be6b144381afa49392b1f0eb424a64a4d8a10,code_generation,3708,8ed02d667ecf33aa1c65a55276a830fad4282932d560004b2a5c6736d983c5b2,livecodebench_official
325,LCB-V6-025,LiveCodeBench,d44be6b144381afa49392b1f0eb424a64a4d8a10,code_generation,abc304_a,22231fdbbada47d260e3c172383e4bbec80283698de99148987332f3c1eb82ac,livecodebench_official
326,LCB-V6-026,LiveCodeBench,d44be6b144381afa49392b1f0eb424a64a4d8a10,code_generation,abc342_e,eece4d0bb4bb70c88c6f68442ccf80f347668fa277b960926d47caaf73addf6e,livecodebench_official
327,LCB-V6-027,LiveCodeBench,d44be6b144381afa49392b1f0eb424a64a4d8a10,code_generation,3791,e3d4f016ae80ca8dc8e9125caeb5d6281c228b0a8b3f7dfb522c61984a7c6c22,livecodebench_official
328,LCB-V6-028,LiveCodeBench,d44be6b144381afa49392b1f0eb424a64a4d8a10,code_generation,abc390_a,5325cb38d0071d9cda4ae09cb860011c423dacf8ac56f7a49e61acbf304add11,livecodebench_official
329,LCB-V6-029,LiveCodeBench,d44be6b144381afa49392b1f0eb424a64a4d8a10,code_generation,abc301_d,288f726a7015d02e881d5f17e0d5eb443e83567f5aab89408336499c918bb5b8,livecodebench_official
330,LCB-V6-030,LiveCodeBench,d44be6b144381afa49392b1f0eb424a64a4d8a10,code_generation,abc310_a,66fee1028220e8328d34dc4b3addfb91b7d5c80e9e61fca4ea0cee80df9813c5,livecodebench_official
331,LCB-V6-031,LiveCodeBench,d44be6b144381afa49392b1f0eb424a64a4d8a10,code_generation,abc336_b,be386c2e8512dd75889fcafc9ece0e0a887cb2da8a46ad4545954931aef6400a,livecodebench_official
332,LCB-V6-032,LiveCodeBench,d44be6b144381afa49392b1f0eb424a64a4d8a10,code_generation,abc320_b,bb005d0a5b1a3c362bec4df9a3e2e2693f23b09c051f3f298472f0430a099772,livecodebench_official
333,LCB-V6-033,LiveCodeBench,d44be6b144381afa49392b1f0eb424a64a4d8a10,code_generation,3608,ee2f09fe78f1bdd781d0463934a07d3c90a824076b72dda59cc4f79b5557f69c,livecodebench_official
334,LCB-V6-034,LiveCodeBench,d44be6b144381afa49392b1f0eb424a64a4d8a10,code_generation,abc342_d,f05d589aaca8aa393e2550b2a87ad02cc3eccc5200d5e55e11b81f5309310f30,livecodebench_official
335,LCB-V6-035,LiveCodeBench,d44be6b144381afa49392b1f0eb424a64a4d8a10,code_generation,3231,53174ec801fe688086599f1817688f982787ee1ad734895adcc852133eb64c59,livecodebench_official
336,LCB-V6-036,LiveCodeBench,d44be6b144381afa49392b1f0eb424a64a4d8a10,code_generation,abc399_b,4e33ba1ec8dc273a6f40366a72a90a06e9663df557d13b40c431f2c54da60bd2,livecodebench_official
337,LCB-V6-037,LiveCodeBench,d44be6b144381afa49392b1f0eb424a64a4d8a10,code_generation,2810,06a9c72057440f26b9c7ec5685f1173035b0272e75c0494939c6d3a38db8b4f6,livecodebench_official
338,LCB-V6-038,LiveCodeBench,d44be6b144381afa49392b1f0eb424a64a4d8a10,code_generation,abc327_d,4ea5542e1293251ec1e9bf63bdc37ce1cd92afa081aa63021b0dabf5d7e64d37,livecodebench_official
339,LCB-V6-039,LiveCodeBench,d44be6b144381afa49392b1f0eb424a64a4d8a10,code_generation,3252,27647d6258b5c05cc2557429bb8e96374e1e0fa65632f2fe0d9e368a801cf4ca,livecodebench_official
340,LCB-V6-040,LiveCodeBench,d44be6b144381afa49392b1f0eb424a64a4d8a10,code_generation,arc193_b,e97b92bd80a3c32f74ba0d7846ec72283f5028d8881f019aa77915ee86e460df,livecodebench_official
341,LCB-V6-041,LiveCodeBench,d44be6b144381afa49392b1f0eb424a64a4d8a10,code_generation,abc360_c,bcdefe0dbdaa7cc4484d1623ae3a33e01b227f8d30df6d7e80a1df9ee57d0690,livecodebench_official
342,LCB-V6-042,LiveCodeBench,d44be6b144381afa49392b1f0eb424a64a4d8a10,code_generation,abc356_b,7f69f1e69460ec1bab40e93a1497f6031d38cafcf9be0bebc84ba648b2c74e5c,livecodebench_official
343,LCB-V6-043,LiveCodeBench,d44be6b144381afa49392b1f0eb424a64a4d8a10,code_generation,abc370_f,b16d5f33955814861927c20ad1acb607a1c9c1628ec1116e8b5ff77daf91f4d1,livecodebench_official
344,LCB-V6-044,LiveCodeBench,d44be6b144381afa49392b1f0eb424a64a4d8a10,code_generation,abc368_d,f188cad1d57f61fad5dd83a66e2efe6072e6f45196eba938926af20ebafd5efd,livecodebench_official
345,LCB-V6-045,LiveCodeBench,d44be6b144381afa49392b1f0eb424a64a4d8a10,code_generation,abc333_b,bfc130f942c6b7015cc2acf9869e51f2850e64b7507bb50a73a0a672088022d9,livecodebench_official
346,LCB-V6-046,LiveCodeBench,d44be6b144381afa49392b1f0eb424a64a4d8a10,code_generation,abc369_a,b02f0fcdb79f8029eeb16671cb5239ab67e02d2cbc47284b6d83f0c25dfbf84b,livecodebench_official
347,LCB-V6-047,LiveCodeBench,d44be6b144381afa49392b1f0eb424a64a4d8a10,code_generation,abc357_a,94639aaf1ad82126dd833028988caf3a078ca5906b1c788fa7faf7776fca0e86,livecodebench_official
348,LCB-V6-048,LiveCodeBench,d44be6b144381afa49392b1f0eb424a64a4d8a10,code_generation,3469,581b9387e94085a49a9602cfb89c0b664b1f0f8bb8b536e31551d1fe92049a98,livecodebench_official
349,LCB-V6-049,LiveCodeBench,d44be6b144381afa49392b1f0eb424a64a4d8a10,code_generation,3629,35983c159b5205cbbeb547a6362e0a72947d7f06546485f75b93316e135b7b5d,livecodebench_official
350,LCB-V6-050,LiveCodeBench,d44be6b144381afa49392b1f0eb424a64a4d8a10,code_generation,abc371_e,0d31cf96829bbfe1920650c7bb720d1766a68c21a512d0ece4e61b5ba595689a,livecodebench_official
351,LCB-V6-051,LiveCodeBench,d44be6b144381afa49392b1f0eb424a64a4d8a10,code_generation,3603,ac112faa1176ba2af76cfe416de28f0fd60f5cb65de4afa369776e5e3de03037,livecodebench_official
352,LCB-V6-052,LiveCodeBench,d44be6b144381afa49392b1f0eb424a64a4d8a10,code_generation,3532,1a34aeb444a078a83b07a25b4314cd27c09c8be7c1509cdbcf66a961a5654eb6,livecodebench_official
353,LCB-V6-053,LiveCodeBench,d44be6b144381afa49392b1f0eb424a64a4d8a10,code_generation,arc186_b,50cc1902eeb370ada943e033925f34e80752961b6dd267deac5c796c04e856b2,livecodebench_official
354,LCB-V6-054,LiveCodeBench,d44be6b144381afa49392b1f0eb424a64a4d8a10,code_generation,abc355_c,2cdd117cd8a153bdfa01b616c0f7b4b5609e4ecc073b379f6efdb958a8d247d6,livecodebench_official
355,LCB-V6-055,LiveCodeBench,d44be6b144381afa49392b1f0eb424a64a4d8a10,code_generation,3429,4586b9de8da8b3394013e31ccaf09945d7e32229ac6f94899e56d15f754fb1f2,livecodebench_official
356,LCB-V6-056,LiveCodeBench,d44be6b144381afa49392b1f0eb424a64a4d8a10,code_generation,abc380_g,0d2a9f543ee8c1fec071d8735531d01a1cf3d1cb6bc7e8e2daee00384a684af7,livecodebench_official
357,LCB-V6-057,LiveCodeBench,d44be6b144381afa49392b1f0eb424a64a4d8a10,code_generation,3731,f3553da2f72ddba53677d06617000fbdc926a53fa1040563901de091a37c979f,livecodebench_official
358,LCB-V6-058,LiveCodeBench,d44be6b144381afa49392b1f0eb424a64a4d8a10,code_generation,abc380_c,a13aae9812fe9f2f0e6c7c4ee3c3eebb96ec3972363ca34cdf699e7658db7774,livecodebench_official
359,LCB-V6-059,LiveCodeBench,d44be6b144381afa49392b1f0eb424a64a4d8a10,code_generation,3265,bb33aa18be664902df0cc335f8d6e9f0d5faed6427ecfc9d76b456a46c0bf1de,livecodebench_official
360,LCB-V6-060,LiveCodeBench,d44be6b144381afa49392b1f0eb424a64a4d8a10,code_generation,abc347_e,a6bb9ea5c372e25accae9bfee4d84fc92bc5cae6c26cc7cbe62690c1f9f5df2f,livecodebench_official
361,LCB-V6-061,LiveCodeBench,d44be6b144381afa49392b1f0eb424a64a4d8a10,code_generation,abc364_a,59911ef6483733e3284d85a8f284bfff86411cae6b4c4203799a43d2e53fa9bb,livecodebench_official
362,LCB-V6-062,LiveCodeBench,d44be6b144381afa49392b1f0eb424a64a4d8a10,code_generation,3786,7da14e535bb91e810feef3135f2ad901d3f6eadc7da0c1f3470ad02d61b8a2db,livecodebench_official
363,LCB-V6-063,LiveCodeBench,d44be6b144381afa49392b1f0eb424a64a4d8a10,code_generation,3210,40e24d32440177896f7ee7d21bec30e5d8d4c3e43472bb590eb744f150d76282,livecodebench_official
364,LCB-V6-064,LiveCodeBench,d44be6b144381afa49392b1f0eb424a64a4d8a10,code_generation,3351,f2e55d9f80c7346f4141d15743034e693f2e3d00ed99b912ca15a27b981847b5,livecodebench_official
365,LCB-V6-065,LiveCodeBench,d44be6b144381afa49392b1f0eb424a64a4d8a10,code_generation,abc382_f,39ef849c49af8380de0f777b0ffefb3703fccfe373b0681a139a4ebc66839f2c,livecodebench_official
366,LCB-V6-066,LiveCodeBench,d44be6b144381afa49392b1f0eb424a64a4d8a10,code_generation,abc374_e,caf01789dd6bf184f7d57102cc335721e6a32ca8471bd41a720d10a47c5ee2a5,livecodebench_official
367,LCB-V6-067,LiveCodeBench,d44be6b144381afa49392b1f0eb424a64a4d8a10,code_generation,3748,9c727d1bf88aa8ff8f83680222e26e43b535c5fc8909195083743981d3e4414b,livecodebench_official
368,LCB-V6-068,LiveCodeBench,d44be6b144381afa49392b1f0eb424a64a4d8a10,code_generation,3725,712af6b091ff88a6794064fcbe5d7b363739b56d569d433272fa50d19882c45e,livecodebench_official
369,LCB-V6-069,LiveCodeBench,d44be6b144381afa49392b1f0eb424a64a4d8a10,code_generation,abc376_b,1c8fa6ce74bd3d8a4d17f8006b99de940544ae53a582632f09ad8264f197445b,livecodebench_official
370,LCB-V6-070,LiveCodeBench,d44be6b144381afa49392b1f0eb424a64a4d8a10,code_generation,3236,06f40aa3c74da5ff2003cef7d33e46be17cb06ea4516eff7692ea860f883d0e6,livecodebench_official
371,LCB-V6-071,LiveCodeBench,d44be6b144381afa49392b1f0eb424a64a4d8a10,code_generation,abc350_e,459e21c5bb2e33231581f91384585ba54991e1c54421c805a717605e1a705da6,livecodebench_official
372,LCB-V6-072,LiveCodeBench,d44be6b144381afa49392b1f0eb424a64a4d8a10,code_generation,2872,7b150278a367f53c333d0a31557424d14b29b7f8586a50651a1730be9d7b0f63,livecodebench_official
373,LCB-V6-073,LiveCodeBench,d44be6b144381afa49392b1f0eb424a64a4d8a10,code_generation,abc342_c,77dc007f163192ec065c882581528b7b62e4f3822b2015a88c8a015a16155042,livecodebench_official
374,LCB-V6-074,LiveCodeBench,d44be6b144381afa49392b1f0eb424a64a4d8a10,code_generation,abc395_e,f030ce98183544f58b0f3722a916bdff6b8b4c0b55bd5dcfd6705b78b3853151,livecodebench_official
375,LCB-V6-075,LiveCodeBench,d44be6b144381afa49392b1f0eb424a64a4d8a10,code_generation,abc360_d,98c59e37f0e7699611cbaebf719ac750980ddc763f3e897c1e64206946bd5565,livecodebench_official
376,LCB-V6-076,LiveCodeBench,d44be6b144381afa49392b1f0eb424a64a4d8a10,code_generation,abc379_g,ab4027fe0613ff714feaff9d61ec272e9fd307c36d534a06b028c70fbdfdc668,livecodebench_official
377,LCB-V6-077,LiveCodeBench,d44be6b144381afa49392b1f0eb424a64a4d8a10,code_generation,abc358_c,cf42292fd695eb718c2afa82d9fdcb60d95738be3643d00174c8c913bf177dd0,livecodebench_official
378,LCB-V6-078,LiveCodeBench,d44be6b144381afa49392b1f0eb424a64a4d8a10,code_generation,abc384_b,487a9dfd2521f29854875336fe0657a691bb08e9a80c55c749462b48a7896b5e,livecodebench_official
379,LCB-V6-079,LiveCodeBench,d44be6b144381afa49392b1f0eb424a64a4d8a10,code_generation,2867,e48d4117086564863ce0e0fff1ff5e97e51f46f9c55c95f0db958e46422ecb33,livecodebench_official
380,LCB-V6-080,LiveCodeBench,d44be6b144381afa49392b1f0eb424a64a4d8a10,code_generation,abc369_c,606646abb86a225ec6d0864bbbc2dae8c630f08b6b17e9700c3fa5ffe82a029f,livecodebench_official
381,LCB-V6-081,LiveCodeBench,d44be6b144381afa49392b1f0eb424a64a4d8a10,code_generation,abc377_a,d66b8165979db4e91db1691e5a13b3ad08fac74fb005c9985d0fc73ac0ed2482,livecodebench_official
382,LCB-V6-082,LiveCodeBench,d44be6b144381afa49392b1f0eb424a64a4d8a10,code_generation,abc385_d,5e08ebde25274a669751678c083f62d3ce85a42f3c2882ab078900f47e11bb96,livecodebench_official
383,LCB-V6-083,LiveCodeBench,d44be6b144381afa49392b1f0eb424a64a4d8a10,code_generation,abc308_b,001bbe454b94471e2c200012f58477ad1c70946b09c88fa473577d711cb5f5ee,livecodebench_official
384,LCB-V6-084,LiveCodeBench,d44be6b144381afa49392b1f0eb424a64a4d8a10,code_generation,abc396_c,d0629f9f0bd36616463652332371e7e390c5ada6497fb15cad2f2b0fd6d58b23,livecodebench_official
385,LCB-V6-085,LiveCodeBench,d44be6b144381afa49392b1f0eb424a64a4d8a10,code_generation,3704,ec11d6a32889677bb45674e4a4dbfa4ac8cf496edc1750eb45ee6a6441f4917f,livecodebench_official
386,LCB-V6-086,LiveCodeBench,d44be6b144381afa49392b1f0eb424a64a4d8a10,code_generation,abc359_e,990a8cdfd7c1eaea9f68b65097f520a9fe20d2a7f1be4bdf39b608f1226a82ff,livecodebench_official
387,LCB-V6-087,LiveCodeBench,d44be6b144381afa49392b1f0eb424a64a4d8a10,code_generation,abc324_a,3a264ac463b559dcbf6cb26b229f99a90b0d016176c4d9d295843c4ae575b6db,livecodebench_official
388,LCB-V6-088,LiveCodeBench,d44be6b144381afa49392b1f0eb424a64a4d8a10,code_generation,3487,62076c5cdc8e680439c43dcc19d72bcb28138902164bce0c95d331ee4ddcfd3d,livecodebench_official
389,LCB-V6-089,LiveCodeBench,d44be6b144381afa49392b1f0eb424a64a4d8a10,code_generation,3526,aa2ba16835abd1d20e20fa7f81d6d8104f45bc1330e42e57d4ae4f2952f583dd,livecodebench_official
390,LCB-V6-090,LiveCodeBench,d44be6b144381afa49392b1f0eb424a64a4d8a10,code_generation,3770,43096cfd4968cd0a6e174c9b833504cc88cac156a746d7b51e8487875911f5cb,livecodebench_official
391,LCB-V6-091,LiveCodeBench,d44be6b144381afa49392b1f0eb424a64a4d8a10,code_generation,3631,67513226c561a826ab6cde8a79f412cf785cce98278daff40b767dba30e09321,livecodebench_official
392,LCB-V6-092,LiveCodeBench,d44be6b144381afa49392b1f0eb424a64a4d8a10,code_generation,abc377_f,a3c2ee90e19813a7ce44ddcb056dd21a9b6ac751b28c92bade8a8a7ce6f39c99,livecodebench_official
393,LCB-V6-093,LiveCodeBench,d44be6b144381afa49392b1f0eb424a64a4d8a10,code_generation,abc361_c,16a433082e4d02d24644d5e04c85b54b03b8126fdea11bbd5a0ace9528d919a2,livecodebench_official
394,LCB-V6-094,LiveCodeBench,d44be6b144381afa49392b1f0eb424a64a4d8a10,code_generation,abc309_e,3cbb5fb52894e9ead5cba766ead70119e080e2d1de640cb589842a7735a871ba,livecodebench_official
395,LCB-V6-095,LiveCodeBench,d44be6b144381afa49392b1f0eb424a64a4d8a10,code_generation,abc336_d,26a8e002fcf85bad63433be8b3188fbb0a5aedb7d3923a0dfa7378d09d7df01e,livecodebench_official
396,LCB-V6-096,LiveCodeBench,d44be6b144381afa49392b1f0eb424a64a4d8a10,code_generation,abc377_d,c0b241a274f0cf660d71905799bb41c71510cb8db05fc2f00a392a49ea374aee,livecodebench_official
397,LCB-V6-097,LiveCodeBench,d44be6b144381afa49392b1f0eb424a64a4d8a10,code_generation,arc196_b,7c5152ed7eab56fdc50b19f2d6192eddf703095653e9fa0c75ff50f1013a5584,livecodebench_official
398,LCB-V6-098,LiveCodeBench,d44be6b144381afa49392b1f0eb424a64a4d8a10,code_generation,3227,3f25c45859684324849bdd29daf81eef55d5c48aabb7918271de24f0d068cb63,livecodebench_official
399,LCB-V6-099,LiveCodeBench,d44be6b144381afa49392b1f0eb424a64a4d8a10,code_generation,abc376_f,39ab9e5a11c63a096721b3e49fe302d7039065c85dec2676e7215ba515a9f895,livecodebench_official
400,LCB-V6-100,LiveCodeBench,d44be6b144381afa49392b1f0eb424a64a4d8a10,code_generation,2921,5183d4166a979f904235b027ad88027337b4316a0c18647e524d2dc067ca0920,livecodebench_official
401,MMLUP-00214,MMLU-Pro,b189ec765aa7ed75c8acfea42df31fdae71f97be,business,214,951e1a3143289d7486600ea8a1f9af5e3e7263352c24ea52720ee62784c99f33,exact_choice
402,MMLUP-00218,MMLU-Pro,b189ec765aa7ed75c8acfea42df31fdae71f97be,business,218,5a934c777f02daef1dd192e475b85ebc54a8ec156427a9519e8be056bbbbb4d4,exact_choice
403,MMLUP-00308,MMLU-Pro,b189ec765aa7ed75c8acfea42df31fdae71f97be,business,308,3342c73cbd6cd4e4daf71fac38759dff7ebc74afb8e4283026628326a6310147,exact_choice
404,MMLUP-00396,MMLU-Pro,b189ec765aa7ed75c8acfea42df31fdae71f97be,business,396,f22b6a3666d61c337880808c034b105c53501919e812e1fde753742a211402a8,exact_choice
405,MMLUP-00474,MMLU-Pro,b189ec765aa7ed75c8acfea42df31fdae71f97be,business,474,4edd58e5a30b5b09c3a6119ec851c4b9f58c25d46bc1c37a27e4b39ef56bb2f7,exact_choice
406,MMLUP-00623,MMLU-Pro,b189ec765aa7ed75c8acfea42df31fdae71f97be,business,623,e81ba1493a6e20468d0c1f8772cf81e77219d42258438a748030622f7ca06e14,exact_choice
407,MMLUP-00811,MMLU-Pro,b189ec765aa7ed75c8acfea42df31fdae71f97be,business,811,b2cc8dab1b4e630804562421a5b9600749c7cb62626c24afc6081f9adc1136d4,exact_choice
408,MMLUP-00948,MMLU-Pro,b189ec765aa7ed75c8acfea42df31fdae71f97be,law,948,49de6ecc8511b3eb269e2ae1be523fe9496b7f88c82da2de2aed92f7d341aea7,exact_choice
409,MMLUP-00957,MMLU-Pro,b189ec765aa7ed75c8acfea42df31fdae71f97be,law,957,097d4af8336940a9a166128620394caf09b4f1638602ac1cccb79f5b5ea86fd7,exact_choice
410,MMLUP-01042,MMLU-Pro,b189ec765aa7ed75c8acfea42df31fdae71f97be,law,1042,71ad5ad41baa8b77b119202be75ba2b3c6d497f43b356058373e4f6e804eb47f,exact_choice
411,MMLUP-01283,MMLU-Pro,b189ec765aa7ed75c8acfea42df31fdae71f97be,law,1283,ef89d7ea2c568532dbc5ba8bd275f3613ddb2f45c9bfad599d348039a4d53540,exact_choice
412,MMLUP-01482,MMLU-Pro,b189ec765aa7ed75c8acfea42df31fdae71f97be,law,1482,c1ddb0119462984e4de52e2cfab26e7ec0afa2d9e8e9f35128890df54f521138,exact_choice
413,MMLUP-01488,MMLU-Pro,b189ec765aa7ed75c8acfea42df31fdae71f97be,law,1488,df86a2f5853c17662d6ed5459350d6fe19f1073f5744fc69840327a637b324c2,exact_choice
414,MMLUP-01608,MMLU-Pro,b189ec765aa7ed75c8acfea42df31fdae71f97be,law,1608,6bc8a2c4e44df5786b723b9d451e9fd7a63cb9e4c5d54ab1aeff6344816b7242,exact_choice
415,MMLUP-01681,MMLU-Pro,b189ec765aa7ed75c8acfea42df31fdae71f97be,law,1681,1ecea117abfeca2c94195c83a99a33ee768e089a6eca7d2e18385c04471e3472,exact_choice
416,MMLUP-01980,MMLU-Pro,b189ec765aa7ed75c8acfea42df31fdae71f97be,law,1980,4c2c330fd7ffe092ed3f405b7158fab8596c2cd197610b793b2cd00e9ef3dab5,exact_choice
417,MMLUP-02016,MMLU-Pro,b189ec765aa7ed75c8acfea42df31fdae71f97be,psychology,2016,7fa34115f6de6526cb1ee7a291fe85249597d75d2e1b41886198a3cb57c9400f,exact_choice
418,MMLUP-02117,MMLU-Pro,b189ec765aa7ed75c8acfea42df31fdae71f97be,psychology,2117,a8a0f7e3d803e883e9605ddb2af7bac7ed0341a1a6d46004da77c41187856d62,exact_choice
419,MMLUP-02217,MMLU-Pro,b189ec765aa7ed75c8acfea42df31fdae71f97be,psychology,2217,c83d15f2887094445c29d9cb637468880a7c6af6a7162097a93825061eed5ab4,exact_choice
420,MMLUP-02291,MMLU-Pro,b189ec765aa7ed75c8acfea42df31fdae71f97be,psychology,2291,6cf02e03c477a7219f0eab8d3dc807d8f4f128e320a9aefd237d105f33910073,exact_choice
421,MMLUP-02453,MMLU-Pro,b189ec765aa7ed75c8acfea42df31fdae71f97be,psychology,2453,760a11c7cd2f9f740fab1ee6f8fe60b9fdc06c12b86093a9d679d83eb83c82ed,exact_choice
422,MMLUP-02692,MMLU-Pro,b189ec765aa7ed75c8acfea42df31fdae71f97be,psychology,2692,82f01fce0ba3036d6e37429e02cc1fa49a3658f100ad0e003d311bcd2f64d9c7,exact_choice
423,MMLUP-02758,MMLU-Pro,b189ec765aa7ed75c8acfea42df31fdae71f97be,psychology,2758,7e82e3939a8c1a928b720f817ed151be3c0eba8d9e9806efadf8daa4d8332619,exact_choice
424,MMLUP-02911,MMLU-Pro,b189ec765aa7ed75c8acfea42df31fdae71f97be,biology,2911,56dfa72f3b2dbf8d35c23a6a09ce15443edeb41ef4c7f93bc594850c533e3e04,exact_choice
425,MMLUP-03016,MMLU-Pro,b189ec765aa7ed75c8acfea42df31fdae71f97be,biology,3016,878d3a3104578af921e7b97f5ce697eb55d6708882ecc895f3e1787bd8d310df,exact_choice
426,MMLUP-03018,MMLU-Pro,b189ec765aa7ed75c8acfea42df31fdae71f97be,biology,3018,c0990172f3f3f712c14dc9501c6033321eddf8fa68883bd9f73b2d6c67e4cf15,exact_choice
427,MMLUP-03288,MMLU-Pro,b189ec765aa7ed75c8acfea42df31fdae71f97be,biology,3288,75f52b1a006b1fa54e8ca05937b12ce8f20a87c5f5bcf8c8a2b02ccbb8af375f,exact_choice
428,MMLUP-03425,MMLU-Pro,b189ec765aa7ed75c8acfea42df31fdae71f97be,biology,3425,d077ff7cc923d203ad33212c22c145237a7c4ef642b819d2ca33c8b193ad1bab,exact_choice
429,MMLUP-03519,MMLU-Pro,b189ec765aa7ed75c8acfea42df31fdae71f97be,biology,3519,5794afba3149389cb34ca703082504b8a14a287f89f71a339c97560b93ff8878,exact_choice
430,MMLUP-03732,MMLU-Pro,b189ec765aa7ed75c8acfea42df31fdae71f97be,chemistry,3732,0d8f4e07b688e7ceb08138041cbf858cfcc4aaacfff514b347cd584dd1b90341,exact_choice
431,MMLUP-03882,MMLU-Pro,b189ec765aa7ed75c8acfea42df31fdae71f97be,chemistry,3882,328b0e68c3aa31b0e15d2ef2d88dd0a439c3dbd26cfbf2b8b53928b49fdb6b5a,exact_choice
432,MMLUP-04086,MMLU-Pro,b189ec765aa7ed75c8acfea42df31fdae71f97be,chemistry,4086,d6178f65022302db9b7d05895d35f6e31d124deec8059dc3eee325220173ae07,exact_choice
433,MMLUP-04157,MMLU-Pro,b189ec765aa7ed75c8acfea42df31fdae71f97be,chemistry,4157,b5eb2186470b10bd31a0039840cb199e8a1c0c1192cdd8c1eac78d616ea210b4,exact_choice
434,MMLUP-04180,MMLU-Pro,b189ec765aa7ed75c8acfea42df31fdae71f97be,chemistry,4180,b05bf1a228795428a62cc0ae755c4140c239573007e646884af784d624aeb744,exact_choice
435,MMLUP-04258,MMLU-Pro,b189ec765aa7ed75c8acfea42df31fdae71f97be,chemistry,4258,a4c07258689d1e31eef644b607c489041f563ceb6e6c082e1daca13c470c930e,exact_choice
436,MMLUP-04296,MMLU-Pro,b189ec765aa7ed75c8acfea42df31fdae71f97be,chemistry,4296,b0f760710425d07b2c43efdfde951a3500d67344a63e76ac68686b0be110c765,exact_choice
437,MMLUP-04487,MMLU-Pro,b189ec765aa7ed75c8acfea42df31fdae71f97be,chemistry,4487,191a74082b2a3cf432833a01c6438e15c5c52681220a2e5a8bf175e3cf0a2141,exact_choice
438,MMLUP-04578,MMLU-Pro,b189ec765aa7ed75c8acfea42df31fdae71f97be,chemistry,4578,cf6a7a2d7f82a0003c113942250b536026b4852a1840cfc18d4f642f999d2514,exact_choice
439,MMLUP-04783,MMLU-Pro,b189ec765aa7ed75c8acfea42df31fdae71f97be,history,4783,d1dc97ec2d34eb0a72dc0acf70b6493bf6e8ae83782737aa7d5a68b70ffb561f,exact_choice
440,MMLUP-04913,MMLU-Pro,b189ec765aa7ed75c8acfea42df31fdae71f97be,history,4913,3648912cbf0faeed68120cf4c65675a77370b00a965f9576c6ac000a2b1ecac3,exact_choice
441,MMLUP-04916,MMLU-Pro,b189ec765aa7ed75c8acfea42df31fdae71f97be,history,4916,1aceb9d90617cbc97b3696429d9ddfe495ab10d226ca9095d5093a0bc7b75a9f,exact_choice
442,MMLUP-05060,MMLU-Pro,b189ec765aa7ed75c8acfea42df31fdae71f97be,other,5060,c4e4f33f05da1ecf3371668cc8e67c6a6504644ab5296d03dbc8245219313d6a,exact_choice
443,MMLUP-05111,MMLU-Pro,b189ec765aa7ed75c8acfea42df31fdae71f97be,other,5111,e62e796517ca07c1f482e16f30e3c2403d0755b3d92b3ee9662b2d4f4212bd39,exact_choice
444,MMLUP-05182,MMLU-Pro,b189ec765aa7ed75c8acfea42df31fdae71f97be,other,5182,b14681f8ce20c65a9c83296fc47ace9d99d543961e387021e26925396915d53a,exact_choice
445,MMLUP-05456,MMLU-Pro,b189ec765aa7ed75c8acfea42df31fdae71f97be,other,5456,ed454735399f48b818b712c5b1f3d95732c4acf349f0b63f72699bcf8d508815,exact_choice
446,MMLUP-05465,MMLU-Pro,b189ec765aa7ed75c8acfea42df31fdae71f97be,other,5465,01fb4b3dd7efa324f77db62ad3b7bd243ad88e24873d8adc82a9bdf7f55c796c,exact_choice
447,MMLUP-05590,MMLU-Pro,b189ec765aa7ed75c8acfea42df31fdae71f97be,other,5590,231085a12f693385c7098c5a98b872556a46290f5d38fbcc212dc01d68bed850,exact_choice
448,MMLUP-05637,MMLU-Pro,b189ec765aa7ed75c8acfea42df31fdae71f97be,other,5637,598982058a7ec0605c8d4a119727b2c9e73754ccc5909ddee1805bad805aa53e,exact_choice
449,MMLUP-05784,MMLU-Pro,b189ec765aa7ed75c8acfea42df31fdae71f97be,other,5784,3c4996fff69f0463670a694ab4e9375222fa07ba0b17553e8e2ad09882ad5a5b,exact_choice
450,MMLUP-06115,MMLU-Pro,b189ec765aa7ed75c8acfea42df31fdae71f97be,health,6115,4bf310325b43a3e9c8913a0277237d606fd0cbecbbb2a1bfe167e76f56dc7a4a,exact_choice
451,MMLUP-06139,MMLU-Pro,b189ec765aa7ed75c8acfea42df31fdae71f97be,health,6139,ddea9d1fd947e5590a19fe37ab2080b452ed8c6aab828965e3705c192b102c35,exact_choice
452,MMLUP-06201,MMLU-Pro,b189ec765aa7ed75c8acfea42df31fdae71f97be,health,6201,0753960520524b833f3af49dc9db3c945b5ec138790ec3ea71590c3715b8a78a,exact_choice
453,MMLUP-06535,MMLU-Pro,b189ec765aa7ed75c8acfea42df31fdae71f97be,health,6535,86d571f542fbbf71681cc6de62dd70bed2baf57c80852252c3918e52596a1ddc,exact_choice
454,MMLUP-06699,MMLU-Pro,b189ec765aa7ed75c8acfea42df31fdae71f97be,health,6699,3f6a71d0de572152250c06e666e5c371a541b5d8571a0eb0794fbf6317947185,exact_choice
455,MMLUP-06712,MMLU-Pro,b189ec765aa7ed75c8acfea42df31fdae71f97be,health,6712,172671ebbb5074574a1fdbc06caf65c901857906161313fd4bd9421ee551bf7f,exact_choice
456,MMLUP-06714,MMLU-Pro,b189ec765aa7ed75c8acfea42df31fdae71f97be,health,6714,94d5ddfb77ae17bca708a529703e890e78978fc668e4ff3fdb8ae186902130e9,exact_choice
457,MMLUP-06859,MMLU-Pro,b189ec765aa7ed75c8acfea42df31fdae71f97be,economics,6859,4249aa98f379187f9df18c574f3af65784010342228445a62365d52c7ccb00c9,exact_choice
458,MMLUP-06924,MMLU-Pro,b189ec765aa7ed75c8acfea42df31fdae71f97be,economics,6924,46e492241b6e329eb01cc67b77e1079692b2f6ddacecfcffd0a7356b8eb6ec2d,exact_choice
459,MMLUP-07161,MMLU-Pro,b189ec765aa7ed75c8acfea42df31fdae71f97be,economics,7161,167bf2d683a95deb0ebdbdc1fc31a718b5c2666cda087b75137cb7014ae9da03,exact_choice
460,MMLUP-07192,MMLU-Pro,b189ec765aa7ed75c8acfea42df31fdae71f97be,economics,7192,e9ede999379c8a83d0e3a8d8d442641e58456c5cb0cbcc4a9b0a76cefaa1429f,exact_choice
461,MMLUP-07228,MMLU-Pro,b189ec765aa7ed75c8acfea42df31fdae71f97be,economics,7228,fddeecabd76b21db10f7757a3d2e4f4953792a4b0198c5f001f27c4e11f32f86,exact_choice
462,MMLUP-07274,MMLU-Pro,b189ec765aa7ed75c8acfea42df31fdae71f97be,economics,7274,d03ae7a810506e04a5a738b180c8c6041ebd576b3eba544df0c0a8a96ba7bd1d,exact_choice
463,MMLUP-07489,MMLU-Pro,b189ec765aa7ed75c8acfea42df31fdae71f97be,economics,7489,6837cca0d6523db0d7ee556c9616c73ba54cbb1638cc35b9cee3fffe5071ffea,exact_choice
464,MMLUP-07733,MMLU-Pro,b189ec765aa7ed75c8acfea42df31fdae71f97be,math,7733,0c3877ce69d179e35e18d763db5aeb57327ff5abaeacb0b74413be7179982a9d,exact_choice
465,MMLUP-07740,MMLU-Pro,b189ec765aa7ed75c8acfea42df31fdae71f97be,math,7740,8083a92bf07bf0f4c8648a78e08b26fbe3a75debc487377a4ef0a432e8aeabb1,exact_choice
466,MMLUP-07766,MMLU-Pro,b189ec765aa7ed75c8acfea42df31fdae71f97be,math,7766,4ed43ae0f25bdde4112d928f77291cca8ad0f2bc41bf235f955f786d762979c8,exact_choice
467,MMLUP-07871,MMLU-Pro,b189ec765aa7ed75c8acfea42df31fdae71f97be,math,7871,340828ab2382c2dc66306fa0930c39d858ac8c755931feb9d40293a423af2a91,exact_choice
468,MMLUP-07941,MMLU-Pro,b189ec765aa7ed75c8acfea42df31fdae71f97be,math,7941,d028e048c49cd8bb753cf7889809af2aa9dc7b613f416d032a6a86e23b284dbb,exact_choice
469,MMLUP-08117,MMLU-Pro,b189ec765aa7ed75c8acfea42df31fdae71f97be,math,8117,eb5899061270186d4a5c3e39d87c7f8c3d03fdf8033e2e13af8fbf0518cb9746,exact_choice
470,MMLUP-08368,MMLU-Pro,b189ec765aa7ed75c8acfea42df31fdae71f97be,math,8368,87858d058f7829053f40804ca60271b6ec811ec4e679fc8eac1384a412829db0,exact_choice
471,MMLUP-08565,MMLU-Pro,b189ec765aa7ed75c8acfea42df31fdae71f97be,math,8565,85bc607196def8427ba7c06cb2ec29e42beee2d96d7fafbf621aa67aae08e4aa,exact_choice
472,MMLUP-08693,MMLU-Pro,b189ec765aa7ed75c8acfea42df31fdae71f97be,math,8693,0abe6c1d9ed0d90669068d3ec6e2965d933d6c742424cab31d33607278bd6c24,exact_choice
473,MMLUP-08944,MMLU-Pro,b189ec765aa7ed75c8acfea42df31fdae71f97be,math,8944,2b0316819ded9673884355ab6d83e0c2008aabd48b77d2aa105411576a22ec00,exact_choice
474,MMLUP-09016,MMLU-Pro,b189ec765aa7ed75c8acfea42df31fdae71f97be,math,9016,471909588a7f668c381694fb7f56e6371cd4c1644857a6b932cdbe8c3ccf1270,exact_choice
475,MMLUP-09132,MMLU-Pro,b189ec765aa7ed75c8acfea42df31fdae71f97be,physics,9132,95864594ddf6111e9f8fe4725338d831e1577c913d9fdc6fe835b68176f031dc,exact_choice
476,MMLUP-09542,MMLU-Pro,b189ec765aa7ed75c8acfea42df31fdae71f97be,physics,9542,78dacace5ad1d1d5eb1e3295323b296bcf0f3905ceb041c35d385c02e8315871,exact_choice
477,MMLUP-09556,MMLU-Pro,b189ec765aa7ed75c8acfea42df31fdae71f97be,physics,9556,c4b17f786251307dd6467fc368f25c1a8da5cc4de299306c220b9b9bf05d42e1,exact_choice
478,MMLUP-09572,MMLU-Pro,b189ec765aa7ed75c8acfea42df31fdae71f97be,physics,9572,a135fb0f50f0a94bc8b13e956eea70369e89a6e457c45e309a2207ed0484511f,exact_choice
479,MMLUP-09613,MMLU-Pro,b189ec765aa7ed75c8acfea42df31fdae71f97be,physics,9613,ce949cd37fe7e6de534e22fdb401b0d5cfd53f44ada902160379235117d8aab4,exact_choice
480,MMLUP-09701,MMLU-Pro,b189ec765aa7ed75c8acfea42df31fdae71f97be,physics,9701,c8857f58c41ea10b2567c817a8e616561bee0440c540a4c80aa5360718a9e4bf,exact_choice
481,MMLUP-09773,MMLU-Pro,b189ec765aa7ed75c8acfea42df31fdae71f97be,physics,9773,cdbbca4487cbafa581ec6e7255d95761893f95dbc7bcbe596073d209f150953c,exact_choice
482,MMLUP-09848,MMLU-Pro,b189ec765aa7ed75c8acfea42df31fdae71f97be,physics,9848,5c14c3543bbf2e5618f60cabd550005002334f69841fd792e6d47e6fcfc6ad7f,exact_choice
483,MMLUP-09923,MMLU-Pro,b189ec765aa7ed75c8acfea42df31fdae71f97be,physics,9923,b7104ccc7337c8ae00d903d77f91a0459ceac23b796263fe08915a9260c0ac61,exact_choice
484,MMLUP-09944,MMLU-Pro,b189ec765aa7ed75c8acfea42df31fdae71f97be,physics,9944,7f4097cf9b3d7166f3dd454583ca1ccb6386955e35952b2648c8d5a3b34e7265,exact_choice
485,MMLUP-10295,MMLU-Pro,b189ec765aa7ed75c8acfea42df31fdae71f97be,physics,10295,3d6718c627157b390fd305e6796c3ae1836d94d3b66d79de8ae58c49268e940e,exact_choice
486,MMLUP-10502,MMLU-Pro,b189ec765aa7ed75c8acfea42df31fdae71f97be,computer science,10502,3dce09d565d1188147fa0c25f8a8205f5f26c168a3484491169e1262627fb64c,exact_choice
487,MMLUP-10690,MMLU-Pro,b189ec765aa7ed75c8acfea42df31fdae71f97be,computer science,10690,d6cb970da1109c65c40c6c215eacac39553aecd5b0feef2ea0c9ce6f093f1c8a,exact_choice
488,MMLUP-10737,MMLU-Pro,b189ec765aa7ed75c8acfea42df31fdae71f97be,computer science,10737,15b7a82bf2736e88413b3b7a4a44c6f918f1f1e4bd28d3a529285235c10b19e9,exact_choice
489,MMLUP-10802,MMLU-Pro,b189ec765aa7ed75c8acfea42df31fdae71f97be,philosophy,10802,23357710c1aa001ffc5c730c86c93b3b3d21706207c7858e790bf50510de5786,exact_choice
490,MMLUP-10981,MMLU-Pro,b189ec765aa7ed75c8acfea42df31fdae71f97be,philosophy,10981,d617e0a4476727fe1f5355f78b03304cb56e63f109cc079ca30808e363999079,exact_choice
491,MMLUP-11089,MMLU-Pro,b189ec765aa7ed75c8acfea42df31fdae71f97be,philosophy,11089,183e727cb4caa83d61bc4348c8b941a8f1c695510a376e049bbe8dd90371d670,exact_choice
492,MMLUP-11095,MMLU-Pro,b189ec765aa7ed75c8acfea42df31fdae71f97be,philosophy,11095,3d597a38806815bcde478ac2935f910275ebf6eb42a22ffe866af24a17cf551e,exact_choice
493,MMLUP-11389,MMLU-Pro,b189ec765aa7ed75c8acfea42df31fdae71f97be,engineering,11389,7afc8f1abe0ce0594dddf7c57c5972bf8b2f0d5ae9052656f0e4f6b2cad794f9,exact_choice
494,MMLUP-11459,MMLU-Pro,b189ec765aa7ed75c8acfea42df31fdae71f97be,engineering,11459,c2e7b1a83d4cca57da9195a099e8ee65445d6c138780e12a6a899a77c7905808,exact_choice
495,MMLUP-11566,MMLU-Pro,b189ec765aa7ed75c8acfea42df31fdae71f97be,engineering,11566,5201e691947ef0abfddfc54eb467cd192f51774777f40ed8e2349ef1a7b11696,exact_choice
496,MMLUP-11696,MMLU-Pro,b189ec765aa7ed75c8acfea42df31fdae71f97be,engineering,11696,e750f01d0c2c0eff07a969c527ef2d4266faae64db3b94a03d89488106251c0e,exact_choice
497,MMLUP-11726,MMLU-Pro,b189ec765aa7ed75c8acfea42df31fdae71f97be,engineering,11726,9c252f219b893b5201fc088bc0963ba7af750efd7831d8a0113cf925d68a3447,exact_choice
498,MMLUP-11882,MMLU-Pro,b189ec765aa7ed75c8acfea42df31fdae71f97be,engineering,11882,31459fad95ef943a892e1a1f3500f52e07edaac8adb6c72935924d428207066a,exact_choice
499,MMLUP-12057,MMLU-Pro,b189ec765aa7ed75c8acfea42df31fdae71f97be,engineering,12057,6015f4589294077f5b5f09a35b4bffa86ef359897edcc956fa6c346aa6cbaba8,exact_choice
500,MMLUP-12169,MMLU-Pro,b189ec765aa7ed75c8acfea42df31fdae71f97be,engineering,12169,57a8d845410f45a578d44ce00e4fb71b1956bed03fafe227cb47091f289b10d3,exact_choice
